id;name;university;faculty;exam;match_key_x;matched_key;match_score;match_key_y;study_field
1.2.246.562.20.00000000000000056120;Energia- ja konetekniikka, tekniikan kandidaatti ja diplomi-insinööri (3 v + 2 v) - DIA-yhteisvalinta;Aalto-yliopisto;Insinööritieteiden korkeakoulu;A;Energia- ja konetekniikka, tekniikan kandidaatti ja diplomi-insinööri (3 v + 2 v) - DIA-yhteisvalinta | Aalto-yliopisto;Energia- ja konetekniikka, tekniikan kandidaatti ja diplomi-insinööri (3 v + 2 v) - DIA-valintayhteistyö | Aalto-yliopisto;93.7759336099585;Energia- ja konetekniikka, tekniikan kandidaatti ja diplomi-insinööri (3 v + 2 v) - DIA-valintayhteistyö | Aalto-yliopisto;tekniikka
1.2.246.562.20.00000000000000056121;Kestävät yhdyskunnat, tekniikan kandidaatti ja diplomi-insinööri (3 v + 2 v) - DIA-yhteisvalinta;Aalto-yliopisto;Insinööritieteiden korkeakoulu;A;Kestävät yhdyskunnat, tekniikan kandidaatti ja diplomi-insinööri (3 v + 2 v) - DIA-yhteisvalinta | Aalto-yliopisto;Kestävät yhdyskunnat, tekniikan kandidaatti ja diplomi-insinööri (3 v + 2 v) - DIA-valintayhteistyö | Aalto-yliopisto;93.5064935064935;Kestävät yhdyskunnat, tekniikan kandidaatti ja diplomi-insinööri (3 v + 2 v) - DIA-valintayhteistyö | Aalto-yliopisto;tekniikka
1.2.246.562.20.00000000000000056123;Kiinteistötalous ja geoinformatiikka, tekniikan kandidaatti ja diplomi-insinööri (3 v + 2 v) - DIA-yhteisvalinta;Aalto-yliopisto;Insinööritieteiden korkeakoulu;A;Kiinteistötalous ja geoinformatiikka, tekniikan kandidaatti ja diplomi-insinööri (3 v + 2 v) - DIA-yhteisvalinta | Aalto-yliopisto;Kiinteistötalous ja geoinformatiikka, tekniikan kandidaatti ja diplomi-insinööri (3 v + 2 v) - DIA-valintayhteistyö | Aalto-yliopisto;94.29657794676805;Kiinteistötalous ja geoinformatiikka, tekniikan kandidaatti ja diplomi-insinööri (3 v + 2 v) - DIA-valintayhteistyö | Aalto-yliopisto;tekniikka
1.2.246.562.20.00000000000000056124;Rakennustekniikka, tekniikan kandidaatti ja diplomi-insinööri (3 v + 2 v) - DIA-yhteisvalinta;Aalto-yliopisto;Insinööritieteiden korkeakoulu;A;Rakennustekniikka, tekniikan kandidaatti ja diplomi-insinööri (3 v + 2 v) - DIA-yhteisvalinta | Aalto-yliopisto;Rakennustekniikka, tekniikan kandidaatti ja diplomi-insinööri (3 v + 2 v) - DIA-valintayhteistyö | Aalto-yliopisto;93.33333333333333;Rakennustekniikka, tekniikan kandidaatti ja diplomi-insinööri (3 v + 2 v) - DIA-valintayhteistyö | Aalto-yliopisto;tekniikka
1.2.246.562.20.00000000000000056112;Kemian tekniikka, tekniikan kandidaatti ja diplomi-insinööri (3 v + 2 v) - DIA-yhteisvalinta;Aalto-yliopisto;Kemian tekniikan korkeakoulu;A;Kemian tekniikka, tekniikan kandidaatti ja diplomi-insinööri (3 v + 2 v) - DIA-yhteisvalinta | Aalto-yliopisto;Kemian tekniikka, tekniikan kandidaatti ja diplomi-insinööri (3 v + 2 v) - DIA-valintayhteistyö | Aalto-yliopisto;93.27354260089686;Kemian tekniikka, tekniikan kandidaatti ja diplomi-insinööri (3 v + 2 v) - DIA-valintayhteistyö | Aalto-yliopisto;tekniikka
1.2.246.562.20.00000000000000056125;Informaatioverkostot, tekniikan kandidaatti ja diplomi-insinööri (3 v + 2 v) ;Aalto-yliopisto;Perustieteiden korkeakoulu;A;Informaatioverkostot, tekniikan kandidaatti ja diplomi-insinööri (3 v + 2 v)  | Aalto-yliopisto;Informaatioverkostot, tekniikan kandidaatti ja diplomi-insinööri (3 v + 2 v) | Aalto-yliopisto;99.47089947089947;Informaatioverkostot, tekniikan kandidaatti ja diplomi-insinööri (3 v + 2 v) | Aalto-yliopisto;tekniikka
1.2.246.562.20.00000000000000056126;Teknillinen fysiikka ja matematiikka, tekniikan kandidaatti ja diplomi-insinööri (3 v + 2 v) - DIA-yhteisvalinta;Aalto-yliopisto;Perustieteiden korkeakoulu;A;Teknillinen fysiikka ja matematiikka, tekniikan kandidaatti ja diplomi-insinööri (3 v + 2 v) - DIA-yhteisvalinta | Aalto-yliopisto;Teknillinen fysiikka ja matematiikka, tekniikan kandidaatti ja diplomi-insinööri (3 v + 2 v) - DIA-valintayhteistyö | Aalto-yliopisto;94.29657794676805;Teknillinen fysiikka ja matematiikka, tekniikan kandidaatti ja diplomi-insinööri (3 v + 2 v) - DIA-valintayhteistyö | Aalto-yliopisto;tekniikka
1.2.246.562.20.00000000000000056128;Teknillinen psykologia, tekniikan kandidaatti ja diplomi-insinööri (3 v + 2 v) - DIA-yhteisvalinta;Aalto-yliopisto;Perustieteiden korkeakoulu;A;Teknillinen psykologia, tekniikan kandidaatti ja diplomi-insinööri (3 v + 2 v) - DIA-yhteisvalinta | Aalto-yliopisto;Teknillinen psykologia, tekniikan kandidaatti ja diplomi-insinööri (3 v + 2 v) - DIA-valintayhteistyö | Aalto-yliopisto;93.61702127659575;Teknillinen psykologia, tekniikan kandidaatti ja diplomi-insinööri (3 v + 2 v) - DIA-valintayhteistyö | Aalto-yliopisto;tekniikka
1.2.246.562.20.00000000000000056129;Tietotekniikka, tekniikan kandidaatti ja diplomi-insinööri (3 v + 2 v) - DIA-yhteisvalinta;Aalto-yliopisto;Perustieteiden korkeakoulu;A;Tietotekniikka, tekniikan kandidaatti ja diplomi-insinööri (3 v + 2 v) - DIA-yhteisvalinta | Aalto-yliopisto;Tietotekniikka, tekniikan kandidaatti ja diplomi-insinööri (3 v + 2 v) - DIA-valintayhteistyö | Aalto-yliopisto;93.15068493150685;Tietotekniikka, tekniikan kandidaatti ja diplomi-insinööri (3 v + 2 v) - DIA-valintayhteistyö | Aalto-yliopisto;tekniikka
1.2.246.562.20.00000000000000056131;Tuotantotalous, tekniikan kandidaatti ja diplomi-insinööri (3 v + 2 v) - DIA-yhteisvalinta;Aalto-yliopisto;Perustieteiden korkeakoulu;A;Tuotantotalous, tekniikan kandidaatti ja diplomi-insinööri (3 v + 2 v) - DIA-yhteisvalinta | Aalto-yliopisto;Tuotantotalous, tekniikan kandidaatti ja diplomi-insinööri (3 v + 2 v) - DIA-valintayhteistyö | Aalto-yliopisto;93.15068493150685;Tuotantotalous, tekniikan kandidaatti ja diplomi-insinööri (3 v + 2 v) - DIA-valintayhteistyö | Aalto-yliopisto;tekniikka
1.2.246.562.20.00000000000000056113;Automaatio ja robotiikka, tekniikan kandidaatti ja diplomi-insinööri (3 v + 2 v) - DIA-yhteisvalinta;Aalto-yliopisto;Sähkötekniikan korkeakoulu;A;Automaatio ja robotiikka, tekniikan kandidaatti ja diplomi-insinööri (3 v + 2 v) - DIA-yhteisvalinta | Aalto-yliopisto;Automaatio ja robotiikka, tekniikan kandidaatti ja diplomi-insinööri (3 v + 2 v) - DIA-valintayhteistyö | Aalto-yliopisto;93.72384937238493;Automaatio ja robotiikka, tekniikan kandidaatti ja diplomi-insinööri (3 v + 2 v) - DIA-valintayhteistyö | Aalto-yliopisto;tekniikka
1.2.246.562.20.00000000000000056114;Bioinformaatioteknologia, tekniikan kandidaatti ja diplomi-insinööri (3 v + 2 v) - DIA-yhteisvalinta;Aalto-yliopisto;Sähkötekniikan korkeakoulu;A;Bioinformaatioteknologia, tekniikan kandidaatti ja diplomi-insinööri (3 v + 2 v) - DIA-yhteisvalinta | Aalto-yliopisto;Bioinformaatioteknologia, tekniikan kandidaatti ja diplomi-insinööri (3 v + 2 v) - DIA-valintayhteistyö | Aalto-yliopisto;93.72384937238493;Bioinformaatioteknologia, tekniikan kandidaatti ja diplomi-insinööri (3 v + 2 v) - DIA-valintayhteistyö | Aalto-yliopisto;tekniikka
1.2.246.562.20.00000000000000056118;Elektroniikka ja sähköfysiikka, tekniikan kandidaatti ja diplomi-insinööri (3 v + 2 v) - DIA-yhteisvalinta;Aalto-yliopisto;Sähkötekniikan korkeakoulu;A;Elektroniikka ja sähköfysiikka, tekniikan kandidaatti ja diplomi-insinööri (3 v + 2 v) - DIA-yhteisvalinta | Aalto-yliopisto;Elektroniikka ja sähköfysiikka, tekniikan kandidaatti ja diplomi-insinööri (3 v + 2 v) - DIA-valintayhteistyö | Aalto-yliopisto;94.02390438247012;Elektroniikka ja sähköfysiikka, tekniikan kandidaatti ja diplomi-insinööri (3 v + 2 v) - DIA-valintayhteistyö | Aalto-yliopisto;tekniikka
1.2.246.562.20.00000000000000056116;Informaatioteknologia, tekniikan kandidaatti ja diplomi-insinööri (3 v + 2 v) - DIA-yhteisvalinta;Aalto-yliopisto;Sähkötekniikan korkeakoulu;A;Informaatioteknologia, tekniikan kandidaatti ja diplomi-insinööri (3 v + 2 v) - DIA-yhteisvalinta | Aalto-yliopisto;Informaatioteknologia, tekniikan kandidaatti ja diplomi-insinööri (3 v + 2 v) - DIA-valintayhteistyö | Aalto-yliopisto;93.56223175965665;Informaatioteknologia, tekniikan kandidaatti ja diplomi-insinööri (3 v + 2 v) - DIA-valintayhteistyö | Aalto-yliopisto;tekniikka
1.2.246.562.20.00000000000000056119;Sähköenergiatekniikka, tekniikan kandidaatti ja diplomi-insinööri (3 v + 2 v) - DIA-yhteisvalinta;Aalto-yliopisto;Sähkötekniikan korkeakoulu;A;Sähköenergiatekniikka, tekniikan kandidaatti ja diplomi-insinööri (3 v + 2 v) - DIA-yhteisvalinta | Aalto-yliopisto;Sähköenergiatekniikka, tekniikan kandidaatti ja diplomi-insinööri (3 v + 2 v) - DIA-valintayhteistyö | Aalto-yliopisto;93.56223175965665;Sähköenergiatekniikka, tekniikan kandidaatti ja diplomi-insinööri (3 v + 2 v) - DIA-valintayhteistyö | Aalto-yliopisto;tekniikka
1.2.246.562.20.00000000000000056420;Fysikaalisten tieteiden kandiohjelma, luonnontieteiden kandidaatti ja filosofian maisteri (3 v + 2 v);Helsingin yliopisto;Matemaattis-luonnontieteellinen tiedekunta;A;Fysikaalisten tieteiden kandiohjelma, luonnontieteiden kandidaatti ja filosofian maisteri (3 v + 2 v) | Helsingin yliopisto;Fysikaalisten tieteiden kandiohjelma, luonnontieteiden kandidaatti ja filosofian maisteri (3 v + 2 v) | Helsingin yliopisto;100.0;Fysikaalisten tieteiden kandiohjelma, luonnontieteiden kandidaatti ja filosofian maisteri (3 v + 2 v) | Helsingin yliopisto;fysiikka
1.2.246.562.20.00000000000000056422;Kemian kandiohjelma, luonnontieteiden kandidaatti ja filosofian maisteri (3 v + 2 v);Helsingin yliopisto;Matemaattis-luonnontieteellinen tiedekunta;A;Kemian kandiohjelma, luonnontieteiden kandidaatti ja filosofian maisteri (3 v + 2 v) | Helsingin yliopisto;Kemian kandiohjelma, luonnontieteiden kandidaatti ja filosofian maisteri (3 v + 2 v) | Helsingin yliopisto;100.0;Kemian kandiohjelma, luonnontieteiden kandidaatti ja filosofian maisteri (3 v + 2 v) | Helsingin yliopisto;kemia
1.2.246.562.20.00000000000000056423;Matemaattisten tieteiden kandiohjelma, luonnontieteiden kandidaatti ja filosofian maisteri (3 v + 2 v);Helsingin yliopisto;Matemaattis-luonnontieteellinen tiedekunta;A;Matemaattisten tieteiden kandiohjelma, luonnontieteiden kandidaatti ja filosofian maisteri (3 v + 2 v) | Helsingin yliopisto;Matemaattisten tieteiden kandiohjelma, luonnontieteiden kandidaatti ja filosofian maisteri (3 v + 2 v) | Helsingin yliopisto;100.0;Matemaattisten tieteiden kandiohjelma, luonnontieteiden kandidaatti ja filosofian maisteri (3 v + 2 v) | Helsingin yliopisto;matemaattiset tieteet
1.2.246.562.20.00000000000000056426;Matematiikan, fysiikan ja kemian opettajan kandiohjelma, luonnontieteiden kandidaatti ja filosofian maisteri (3 v + 2 v);Helsingin yliopisto;Matemaattis-luonnontieteellinen tiedekunta;A;Matematiikan, fysiikan ja kemian opettajan kandiohjelma, luonnontieteiden kandidaatti ja filosofian maisteri (3 v + 2 v) | Helsingin yliopisto;Matematiikan, fysiikan ja kemian opettajan kandiohjelma, luonnontieteiden kandidaatti ja filosofian maisteri (3 v + 2 v) | Helsingin yliopisto;100.0;Matematiikan, fysiikan ja kemian opettajan kandiohjelma, luonnontieteiden kandidaatti ja filosofian maisteri (3 v + 2 v) | Helsingin yliopisto;opettajankoulutukset
1.2.246.562.20.00000000000000056427;Tietojenkäsittelytieteen kandiohjelma, luonnontieteiden kandidaatti ja filosofian maisteri (3 v + 2 v);Helsingin yliopisto;Matemaattis-luonnontieteellinen tiedekunta;A;Tietojenkäsittelytieteen kandiohjelma, luonnontieteiden kandidaatti ja filosofian maisteri (3 v + 2 v) | Helsingin yliopisto;Tietojenkäsittelytieteen kandiohjelma, luonnontieteiden kandidaatti ja filosofian maisteri (3 v + 2 v) | Helsingin yliopisto;100.0;Tietojenkäsittelytieteen kandiohjelma, luonnontieteiden kandidaatti ja filosofian maisteri (3 v + 2 v) | Helsingin yliopisto;tietojenkäsittelytieteet
1.2.246.562.20.00000000000000062830;Aineenopettaja ja luokanopettaja, matematiikka, fysiikka tai kemia, Joensuu, luonnontieteiden kandidaatti ja filosofian maisteri (3 v + 2 v);Itä-Suomen yliopisto;Luonnontieteiden;A;Aineenopettaja ja luokanopettaja, matematiikka, fysiikka tai kemia, Joensuu, luonnontieteiden kandidaatti ja filosofian maisteri (3 v + 2 v) | Itä-Suomen yliopisto;Aineenopettaja ja luokanopettaja, matematiikka, fysiikka tai kemia, Joensuu, luonnontieteiden kandidaatti ja filosofian maisteri (3 v + 2 v) | Itä-Suomen yliopisto;100.0;Aineenopettaja ja luokanopettaja, matematiikka, fysiikka tai kemia, Joensuu, luonnontieteiden kandidaatti ja filosofian maisteri (3 v + 2 v) | Itä-Suomen yliopisto;opettajankoulutukset
1.2.246.562.20.00000000000000062832;Aineenopettaja, matematiikka, fysiikka, kemia tai tietojenkäsittelytiede, Joensuu, luonnontieteiden kandidaatti ja filosofian maisteri (3 v + 2 v);Itä-Suomen yliopisto;Luonnontieteiden;A;Aineenopettaja, matematiikka, fysiikka, kemia tai tietojenkäsittelytiede, Joensuu, luonnontieteiden kandidaatti ja filosofian maisteri (3 v + 2 v) | Itä-Suomen yliopisto;Aineenopettaja, matematiikka, fysiikka, kemia tai tietojenkäsittelytiede, Joensuu, luonnontieteiden kandidaatti ja filosofian maisteri (3 v + 2 v) | Itä-Suomen yliopisto;100.0;Aineenopettaja, matematiikka, fysiikka, kemia tai tietojenkäsittelytiede, Joensuu, luonnontieteiden kandidaatti ja filosofian maisteri (3 v + 2 v) | Itä-Suomen yliopisto;opettajankoulutukset
1.2.246.562.20.00000000000000062537;Fotoniikka, Joensuu, tekniikan kandidaatti ja diplomi-insinööri (3 v + 2 v), DIA-yhteisvalinta;Itä-Suomen yliopisto;Luonnontieteiden;A;Fotoniikka, Joensuu, tekniikan kandidaatti ja diplomi-insinööri (3 v + 2 v), DIA-yhteisvalinta | Itä-Suomen yliopisto;Fotoniikka, Joensuu, tekniikan kandidaatti ja diplomi-insinööri (3 v + 2 v), DIA-valintayhteistyö | Itä-Suomen yliopisto;93.67088607594937;Fotoniikka, Joensuu, tekniikan kandidaatti ja diplomi-insinööri (3 v + 2 v), DIA-valintayhteistyö | Itä-Suomen yliopisto;tekniikka
1.2.246.562.20.00000000000000062819;Kemia, Joensuu, luonnontieteiden kandidaatti ja filosofian maisteri (3 v + 2 v);Itä-Suomen yliopisto;Luonnontieteiden;A;Kemia, Joensuu, luonnontieteiden kandidaatti ja filosofian maisteri (3 v + 2 v) | Itä-Suomen yliopisto;Kemia, Joensuu, luonnontieteiden kandidaatti ja filosofian maisteri (3 v + 2 v) | Itä-Suomen yliopisto;100.0;Kemia, Joensuu, luonnontieteiden kandidaatti ja filosofian maisteri (3 v + 2 v) | Itä-Suomen yliopisto;kemia
1.2.246.562.20.00000000000000062543;Kestävät teknologiat, Joensuu, tekniikan kandidaatti ja diplomi-insinööri (3 v + 2 v), DIA-yhteisvalinta;Itä-Suomen yliopisto;Luonnontieteiden;A;Kestävät teknologiat, Joensuu, tekniikan kandidaatti ja diplomi-insinööri (3 v + 2 v), DIA-yhteisvalinta | Itä-Suomen yliopisto;Kestävät teknologiat, Joensuu, tekniikan kandidaatti ja diplomi-insinööri (3 v + 2 v), DIA-valintayhteistyö | Itä-Suomen yliopisto;94.16342412451361;Kestävät teknologiat, Joensuu, tekniikan kandidaatti ja diplomi-insinööri (3 v + 2 v), DIA-valintayhteistyö | Itä-Suomen yliopisto;tekniikka
1.2.246.562.20.00000000000000062824;Matematiikka, Joensuu, luonnontieteiden kandidaatti ja filosofian maisteri (3 v + 2 v);Itä-Suomen yliopisto;Luonnontieteiden;A;Matematiikka, Joensuu, luonnontieteiden kandidaatti ja filosofian maisteri (3 v + 2 v) | Itä-Suomen yliopisto;Matematiikka, Joensuu, luonnontieteiden kandidaatti ja filosofian maisteri (3 v + 2 v) | Itä-Suomen yliopisto;100.0;Matematiikka, Joensuu, luonnontieteiden kandidaatti ja filosofian maisteri (3 v + 2 v) | Itä-Suomen yliopisto;matemaattiset tieteet
1.2.246.562.20.00000000000000062808;Tietojenkäsittelytiede, Joensuu, luonnontieteiden kandidaatti ja filosofian maisteri (3 v + 2 v);Itä-Suomen yliopisto;Luonnontieteiden;A;Tietojenkäsittelytiede, Joensuu, luonnontieteiden kandidaatti ja filosofian maisteri (3 v + 2 v) | Itä-Suomen yliopisto;Tietojenkäsittelytiede, Joensuu, luonnontieteiden kandidaatti ja filosofian maisteri (3 v + 2 v) | Itä-Suomen yliopisto;100.0;Tietojenkäsittelytiede, Joensuu, luonnontieteiden kandidaatti ja filosofian maisteri (3 v + 2 v) | Itä-Suomen yliopisto;tietojenkäsittelytieteet
1.2.246.562.20.00000000000000062546;Teknillinen fysiikka, Kuopio, tekniikan kandidaatti ja diplomi-insinööri (3 v + 2 v), DIA-yhteisvalinta;Itä-Suomen yliopisto;Luonnontieteiden;A;Teknillinen fysiikka, Kuopio, tekniikan kandidaatti ja diplomi-insinööri (3 v + 2 v), DIA-yhteisvalinta | Itä-Suomen yliopisto;Teknillinen fysiikka, Kuopio, tekniikan kandidaatti ja diplomi-insinööri (3 v + 2 v), DIA-valintayhteistyö | Itä-Suomen yliopisto;94.11764705882352;Teknillinen fysiikka, Kuopio, tekniikan kandidaatti ja diplomi-insinööri (3 v + 2 v), DIA-valintayhteistyö | Itä-Suomen yliopisto;tekniikka
1.2.246.562.20.00000000000000062814;Tietojenkäsittelytiede, Kuopio, luonnontieteiden kandidaatti ja filosofian maisteri (3 v + 2 v);Itä-Suomen yliopisto;Luonnontieteiden;A;Tietojenkäsittelytiede, Kuopio, luonnontieteiden kandidaatti ja filosofian maisteri (3 v + 2 v) | Itä-Suomen yliopisto;Tietojenkäsittelytiede, Kuopio, luonnontieteiden kandidaatti ja filosofian maisteri (3 v + 2 v) | Itä-Suomen yliopisto;100.0;Tietojenkäsittelytiede, Kuopio, luonnontieteiden kandidaatti ja filosofian maisteri (3 v + 2 v) | Itä-Suomen yliopisto;tietojenkäsittelytieteet
1.2.246.562.20.00000000000000064232;Teknologiajohtaminen, tekniikan kandidaatti ja diplomi-insinööri (3 v + 2 v), DIA-yhteisvalinta;Jyväskylän yliopisto;Informaatioteknologian tiedekunta;A;Teknologiajohtaminen, tekniikan kandidaatti ja diplomi-insinööri (3 v + 2 v), DIA-yhteisvalinta | Jyväskylän yliopisto;Teknologiajohtaminen, tekniikan kandidaatti ja diplomi-insinööri (3 v + 2 v), DIA-valintayhteistyö | Jyväskylän yliopisto;93.72384937238493;Teknologiajohtaminen, tekniikan kandidaatti ja diplomi-insinööri (3 v + 2 v), DIA-valintayhteistyö | Jyväskylän yliopisto;tekniikka
1.2.246.562.20.00000000000000064229;Tieto- ja ohjelmistotekniikka, tekniikan kandidaatti ja diplomi-insinööri (3 v + 2 v), DIA-yhteisvalinta;Jyväskylän yliopisto;Informaatioteknologian tiedekunta;A;Tieto- ja ohjelmistotekniikka, tekniikan kandidaatti ja diplomi-insinööri (3 v + 2 v), DIA-yhteisvalinta | Jyväskylän yliopisto;Tieto- ja ohjelmistotekniikka, tekniikan kandidaatti ja diplomi-insinööri (3 v + 2 v), DIA-valintayhteistyö | Jyväskylän yliopisto;94.16342412451361;Tieto- ja ohjelmistotekniikka, tekniikan kandidaatti ja diplomi-insinööri (3 v + 2 v), DIA-valintayhteistyö | Jyväskylän yliopisto;tekniikka
1.2.246.562.20.00000000000000063992;Tietojenkäsittelytieteen kandidaatti- ja maisteriohjelma, luonnontieteiden kandidaatti ja filosofian maisteri (3 v + 2 v);Jyväskylän yliopisto;Informaatioteknologian tiedekunta;A;Tietojenkäsittelytieteen kandidaatti- ja maisteriohjelma, luonnontieteiden kandidaatti ja filosofian maisteri (3 v + 2 v) | Jyväskylän yliopisto;Tietojenkäsittelytieteen kandidaatti- ja maisteriohjelma, luonnontieteiden kandidaatti ja filosofian maisteri (3 v + 2 v) | Jyväskylän yliopisto;100.0;Tietojenkäsittelytieteen kandidaatti- ja maisteriohjelma, luonnontieteiden kandidaatti ja filosofian maisteri (3 v + 2 v) | Jyväskylän yliopisto;tietojenkäsittelytieteet
1.2.246.562.20.00000000000000063585;Fysiikan aineenopettajan kandidaatti - ja maisteriohjelma, luonnontieteiden kandidaatti ja filosofian maisteri (3 + 2 v);Jyväskylän yliopisto;Matemaattis-luonnontieteellinen tiedekunta;A;Fysiikan aineenopettajan kandidaatti - ja maisteriohjelma, luonnontieteiden kandidaatti ja filosofian maisteri (3 + 2 v) | Jyväskylän yliopisto;Fysiikan aineenopettajan kandidaatti - ja maisteriohjelma, luonnontieteiden kandidaatti ja filosofian maisteri (3 + 2 v) | Jyväskylän yliopisto;100.0;Fysiikan aineenopettajan kandidaatti - ja maisteriohjelma, luonnontieteiden kandidaatti ja filosofian maisteri (3 + 2 v) | Jyväskylän yliopisto;opettajankoulutukset
1.2.246.562.20.00000000000000063600;Fysiikan kandidaatti- ja maisteriohjelma, luonnontieteiden kandidaatti ja filosofian maisteri (3 v + 2 v);Jyväskylän yliopisto;Matemaattis-luonnontieteellinen tiedekunta;A;Fysiikan kandidaatti- ja maisteriohjelma, luonnontieteiden kandidaatti ja filosofian maisteri (3 v + 2 v) | Jyväskylän yliopisto;Fysiikan kandidaatti- ja maisteriohjelma, luonnontieteiden kandidaatti ja filosofian maisteri (3 v + 2 v) | Jyväskylän yliopisto;100.0;Fysiikan kandidaatti- ja maisteriohjelma, luonnontieteiden kandidaatti ja filosofian maisteri (3 v + 2 v) | Jyväskylän yliopisto;fysiikka
1.2.246.562.20.00000000000000063601;Kemian tai kemian aineenopettajan kandidaatti- ja maisteriohjelma, luonnontieteiden kandidaatti ja filosofian maisteri (3 v + 2 v);Jyväskylän yliopisto;Matemaattis-luonnontieteellinen tiedekunta;A;Kemian tai kemian aineenopettajan kandidaatti- ja maisteriohjelma, luonnontieteiden kandidaatti ja filosofian maisteri (3 v + 2 v) | Jyväskylän yliopisto;Kemian tai kemian aineenopettajan kandidaatti- ja maisteriohjelma, luonnontieteiden kandidaatti ja filosofian maisteri (3 v + 2 v) | Jyväskylän yliopisto;100.0;Kemian tai kemian aineenopettajan kandidaatti- ja maisteriohjelma, luonnontieteiden kandidaatti ja filosofian maisteri (3 v + 2 v) | Jyväskylän yliopisto;opettajankoulutukset
1.2.246.562.20.00000000000000063603;Matematiikan aineenopettajan kandidaatti- ja maisteriohjelma, luonnontieteiden kandidaatti ja filosofian maisteri (3 v + 2 v);Jyväskylän yliopisto;Matemaattis-luonnontieteellinen tiedekunta;A;Matematiikan aineenopettajan kandidaatti- ja maisteriohjelma, luonnontieteiden kandidaatti ja filosofian maisteri (3 v + 2 v) | Jyväskylän yliopisto;Matematiikan aineenopettajan kandidaatti- ja maisteriohjelma, luonnontieteiden kandidaatti ja filosofian maisteri (3 v + 2 v) | Jyväskylän yliopisto;100.0;Matematiikan aineenopettajan kandidaatti- ja maisteriohjelma, luonnontieteiden kandidaatti ja filosofian maisteri (3 v + 2 v) | Jyväskylän yliopisto;opettajankoulutukset
1.2.246.562.20.00000000000000063605;Matematiikan kandidaatti- ja maisteriohjelma, luonnontieteiden kandidaatti ja filosofian maisteri (3 v + 2 v);Jyväskylän yliopisto;Matemaattis-luonnontieteellinen tiedekunta;A;Matematiikan kandidaatti- ja maisteriohjelma, luonnontieteiden kandidaatti ja filosofian maisteri (3 v + 2 v) | Jyväskylän yliopisto;Matematiikan kandidaatti- ja maisteriohjelma, luonnontieteiden kandidaatti ja filosofian maisteri (3 v + 2 v) | Jyväskylän yliopisto;100.0;Matematiikan kandidaatti- ja maisteriohjelma, luonnontieteiden kandidaatti ja filosofian maisteri (3 v + 2 v) | Jyväskylän yliopisto;matemaattiset tieteet
1.2.246.562.20.00000000000000063609;Nanotieteen monialainen kandidaatti- ja maisteriohjelma, luonnontieteiden kandidaatti ja filosofian maisteri (3 v + 2 v);Jyväskylän yliopisto;Matemaattis-luonnontieteellinen tiedekunta;A;Nanotieteen monialainen kandidaatti- ja maisteriohjelma, luonnontieteiden kandidaatti ja filosofian maisteri (3 v + 2 v) | Jyväskylän yliopisto;Nanotieteen monialainen kandidaatti- ja maisteriohjelma, luonnontieteiden kandidaatti ja filosofian maisteri (3 v + 2 v) | Jyväskylän yliopisto;100.0;Nanotieteen monialainen kandidaatti- ja maisteriohjelma, luonnontieteiden kandidaatti ja filosofian maisteri (3 v + 2 v) | Jyväskylän yliopisto;nanotiede
1.2.246.562.20.00000000000000063611;Tilastotieteen ja datatieteen kandidaatti- ja maisteriohjelma, luonnontieteiden kandidaatti ja filosofian maisteri (3 v + 2 v);Jyväskylän yliopisto;Matemaattis-luonnontieteellinen tiedekunta;A;Tilastotieteen ja datatieteen kandidaatti- ja maisteriohjelma, luonnontieteiden kandidaatti ja filosofian maisteri (3 v + 2 v) | Jyväskylän yliopisto;Nanotieteen monialainen kandidaatti- ja maisteriohjelma, luonnontieteiden kandidaatti ja filosofian maisteri (3 v + 2 v) | Jyväskylän yliopisto;92.46575342465754;Nanotieteen monialainen kandidaatti- ja maisteriohjelma, luonnontieteiden kandidaatti ja filosofian maisteri (3 v + 2 v) | Jyväskylän yliopisto;matemaattiset tieteet
1.2.246.562.20.00000000000000058971;Energiatekniikka, tekniikan kandidaatti ja diplomi-insinööri (3 v + 2 v) - DIA-yhteisvalinta;Lappeenrannan-Lahden teknillinen yliopisto LUT;LUT-yliopisto;A;Energiatekniikka, tekniikan kandidaatti ja diplomi-insinööri (3 v + 2 v) - DIA-yhteisvalinta | Lappeenrannan-Lahden teknillinen yliopisto LUT;Energiatekniikka, tekniikan kandidaatti ja diplomi-insinööri (3 v + 2 v) - DIA-valintayhteistyö | Lappeenrannan-Lahden teknillinen yliopisto LUT;94.73684210526316;Energiatekniikka, tekniikan kandidaatti ja diplomi-insinööri (3 v + 2 v) - DIA-valintayhteistyö | Lappeenrannan-Lahden teknillinen yliopisto LUT;tekniikka
1.2.246.562.20.00000000000000058974;Kemiantekniikka, tekniikan kandidaatti ja diplomi-insinööri (3 v + 2 v) - DIA-yhteisvalinta;Lappeenrannan-Lahden teknillinen yliopisto LUT;LUT-yliopisto;A;Kemiantekniikka, tekniikan kandidaatti ja diplomi-insinööri (3 v + 2 v) - DIA-yhteisvalinta | Lappeenrannan-Lahden teknillinen yliopisto LUT;Kemiantekniikka, tekniikan kandidaatti ja diplomi-insinööri (3 v + 2 v) - DIA-valintayhteistyö | Lappeenrannan-Lahden teknillinen yliopisto LUT;94.69964664310953;Kemiantekniikka, tekniikan kandidaatti ja diplomi-insinööri (3 v + 2 v) - DIA-valintayhteistyö | Lappeenrannan-Lahden teknillinen yliopisto LUT;tekniikka
1.2.246.562.20.00000000000000058977;Konetekniikka, tekniikan kandidaatti ja diplomi-insinööri (3 v + 2 v) - DIA-yhteisvalinta;Lappeenrannan-Lahden teknillinen yliopisto LUT;LUT-yliopisto;A;Konetekniikka, tekniikan kandidaatti ja diplomi-insinööri (3 v + 2 v) - DIA-yhteisvalinta | Lappeenrannan-Lahden teknillinen yliopisto LUT;Konetekniikka, tekniikan kandidaatti ja diplomi-insinööri (3 v + 2 v) - DIA-valintayhteistyö | Lappeenrannan-Lahden teknillinen yliopisto LUT;94.6236559139785;Konetekniikka, tekniikan kandidaatti ja diplomi-insinööri (3 v + 2 v) - DIA-valintayhteistyö | Lappeenrannan-Lahden teknillinen yliopisto LUT;tekniikka
1.2.246.562.20.00000000000000058978;Laskennallinen tiede ja tekoäly, tekniikan kandidaatti ja diplomi-insinööri (3 v + 2 v) - DIA-yhteisvalinta;Lappeenrannan-Lahden teknillinen yliopisto LUT;LUT-yliopisto;A;Laskennallinen tiede ja tekoäly, tekniikan kandidaatti ja diplomi-insinööri (3 v + 2 v) - DIA-yhteisvalinta | Lappeenrannan-Lahden teknillinen yliopisto LUT;Laskennallinen tiede ja tekoäly, tekniikan kandidaatti ja diplomi-insinööri (3 v + 2 v) - DIA-valintayhteistyö | Lappeenrannan-Lahden teknillinen yliopisto LUT;95.23809523809523;Laskennallinen tiede ja tekoäly, tekniikan kandidaatti ja diplomi-insinööri (3 v + 2 v) - DIA-valintayhteistyö | Lappeenrannan-Lahden teknillinen yliopisto LUT;tekniikka
1.2.246.562.20.00000000000000058979;Sähkötekniikka, tekniikan kandidaatti ja diplomi-insinööri (3 v + 2 v) - DIA-yhteisvalinta;Lappeenrannan-Lahden teknillinen yliopisto LUT;LUT-yliopisto;A;Sähkötekniikka, tekniikan kandidaatti ja diplomi-insinööri (3 v + 2 v) - DIA-yhteisvalinta | Lappeenrannan-Lahden teknillinen yliopisto LUT;Sähkötekniikka, tekniikan kandidaatti ja diplomi-insinööri (3 v + 2 v) - DIA-valintayhteistyö | Lappeenrannan-Lahden teknillinen yliopisto LUT;94.66192170818505;Sähkötekniikka, tekniikan kandidaatti ja diplomi-insinööri (3 v + 2 v) - DIA-valintayhteistyö | Lappeenrannan-Lahden teknillinen yliopisto LUT;tekniikka
1.2.246.562.20.00000000000000058981;Tietotekniikka, tekniikan kandidaatti ja diplomi-insinööri (3 v + 2 v) - DIA-yhteisvalinta;Lappeenrannan-Lahden teknillinen yliopisto LUT;LUT-yliopisto;A;Tietotekniikka, tekniikan kandidaatti ja diplomi-insinööri (3 v + 2 v) - DIA-yhteisvalinta | Lappeenrannan-Lahden teknillinen yliopisto LUT;Tietotekniikka, tekniikan kandidaatti ja diplomi-insinööri (3 v + 2 v) - DIA-valintayhteistyö | Lappeenrannan-Lahden teknillinen yliopisto LUT;94.66192170818505;Tietotekniikka, tekniikan kandidaatti ja diplomi-insinööri (3 v + 2 v) - DIA-valintayhteistyö | Lappeenrannan-Lahden teknillinen yliopisto LUT;tekniikka
1.2.246.562.20.00000000000000058982;Tuotantotalous, tekniikan kandidaatti ja diplomi-insinööri (3 v + 2 v) - DIA-yhteisvalinta;Lappeenrannan-Lahden teknillinen yliopisto LUT;LUT-yliopisto;A;Tuotantotalous, tekniikan kandidaatti ja diplomi-insinööri (3 v + 2 v) - DIA-yhteisvalinta | Lappeenrannan-Lahden teknillinen yliopisto LUT;Tuotantotalous, tekniikan kandidaatti ja diplomi-insinööri (3 v + 2 v) - DIA-valintayhteistyö | Lappeenrannan-Lahden teknillinen yliopisto LUT;94.66192170818505;Tuotantotalous, tekniikan kandidaatti ja diplomi-insinööri (3 v + 2 v) - DIA-valintayhteistyö | Lappeenrannan-Lahden teknillinen yliopisto LUT;tekniikka
1.2.246.562.20.00000000000000058984;Ympäristötekniikka, tekniikan kandidaatti ja diplomi-insinööri  (3 v + 2 v) - DIA-yhteisvalinta;Lappeenrannan-Lahden teknillinen yliopisto LUT;LUT-yliopisto;A;Ympäristötekniikka, tekniikan kandidaatti ja diplomi-insinööri  (3 v + 2 v) - DIA-yhteisvalinta | Lappeenrannan-Lahden teknillinen yliopisto LUT;Ympäristötekniikka, tekniikan kandidaatti ja diplomi-insinööri  (3 v + 2 v) - DIA-valintayhteistyö | Lappeenrannan-Lahden teknillinen yliopisto LUT;94.84536082474226;Ympäristötekniikka, tekniikan kandidaatti ja diplomi-insinööri  (3 v + 2 v) - DIA-valintayhteistyö | Lappeenrannan-Lahden teknillinen yliopisto LUT;tekniikka
1.2.246.562.20.00000000000000055931;Fysiikka, Fysikaalisten tieteiden tutkinto-ohjelma, luonnontieteiden kandidaatti ja filosofian maisteri (3v+2v);Oulun yliopisto;Luonnontieteellinen tiedekunta;A;Fysiikka, Fysikaalisten tieteiden tutkinto-ohjelma, luonnontieteiden kandidaatti ja filosofian maisteri (3v+2v) | Oulun yliopisto;Fysiikka, Fysikaalisten tieteiden tutkinto-ohjelma, luonnontieteiden kandidaatti ja filosofian maisteri (3 v + 2 v) | Oulun yliopisto;98.47328244274809;Fysiikka, Fysikaalisten tieteiden tutkinto-ohjelma, luonnontieteiden kandidaatti ja filosofian maisteri (3 v + 2 v) | Oulun yliopisto;fysiikka
1.2.246.562.20.00000000000000055936;Matematiikka ja datatiede, Matemaattisten tieteiden tutkinto-ohjelma, luonnontieteiden kandidaatti ja filosofian maisteri (3 v + 2 v);Oulun yliopisto;Luonnontieteellinen tiedekunta;A;Matematiikka ja datatiede, Matemaattisten tieteiden tutkinto-ohjelma, luonnontieteiden kandidaatti ja filosofian maisteri (3 v + 2 v) | Oulun yliopisto;Matematiikka ja datatiede, Matemaattisten tieteiden tutkinto-ohjelma, luonnontieteiden kandidaatti ja filosofian maisteri (3 v + 2 v) | Oulun yliopisto;100.0;Matematiikka ja datatiede, Matemaattisten tieteiden tutkinto-ohjelma, luonnontieteiden kandidaatti ja filosofian maisteri (3 v + 2 v) | Oulun yliopisto;matemaattiset tieteet
1.2.246.562.20.00000000000000064775;Kemia, Kemian tutkinto-ohjelma, luonnontieteiden kandidaatti ja filosofian maisteri (3v + 2v);Oulun yliopisto;Teknillinen tiedekunta;A;Kemia, Kemian tutkinto-ohjelma, luonnontieteiden kandidaatti ja filosofian maisteri (3v + 2v) | Oulun yliopisto;Kemia, Kemian tutkinto-ohjelma, luonnontieteiden kandidaatti ja filosofian maisteri (3 v + 2 v) | Oulun yliopisto;99.10714285714286;Kemia, Kemian tutkinto-ohjelma, luonnontieteiden kandidaatti ja filosofian maisteri (3 v + 2 v) | Oulun yliopisto;kemia
1.2.246.562.20.00000000000000055961;Konetekniikka, Konetekniikan tutkinto-ohjelma, tekniikan kandidaatti ja diplomi-insinööri (3 v + 2 v), DIA-yhteisvalinta;Oulun yliopisto;Teknillinen tiedekunta;A;Konetekniikka, Konetekniikan tutkinto-ohjelma, tekniikan kandidaatti ja diplomi-insinööri (3 v + 2 v), DIA-yhteisvalinta | Oulun yliopisto;Konetekniikka, Konetekniikan tutkinto-ohjelma, tekniikan kandidaatti ja diplomi-insinööri (3 v + 2 v), DIA-valintayhteistyö | Oulun yliopisto;94.6236559139785;Konetekniikka, Konetekniikan tutkinto-ohjelma, tekniikan kandidaatti ja diplomi-insinööri (3 v + 2 v), DIA-valintayhteistyö | Oulun yliopisto;tekniikka
1.2.246.562.20.00000000000000055962;Prosessitekniikka, Prosessitekniikan tutkinto-ohjelma, tekniikan kandidaatti ja diplomi-insinööri (3 v + 2 v), DIA-yhteisvalinta;Oulun yliopisto;Teknillinen tiedekunta;A;Prosessitekniikka, Prosessitekniikan tutkinto-ohjelma, tekniikan kandidaatti ja diplomi-insinööri (3 v + 2 v), DIA-yhteisvalinta | Oulun yliopisto;Prosessitekniikka, Prosessitekniikan tutkinto-ohjelma, tekniikan kandidaatti ja diplomi-insinööri (3 v + 2 v), DIA-valintayhteistyö | Oulun yliopisto;94.91525423728814;Prosessitekniikka, Prosessitekniikan tutkinto-ohjelma, tekniikan kandidaatti ja diplomi-insinööri (3 v + 2 v), DIA-valintayhteistyö | Oulun yliopisto;tekniikka
1.2.246.562.20.00000000000000055964;Rakennus- ja yhdyskuntatekniikka, Rakennus- ja yhdyskuntatekniikan tutkinto-ohjelma, tekniikan kandidaatti ja diplomi-insinööri (3 v + 2 v), DIA-yhteisvalinta;Oulun yliopisto;Teknillinen tiedekunta;A;Rakennus- ja yhdyskuntatekniikka, Rakennus- ja yhdyskuntatekniikan tutkinto-ohjelma, tekniikan kandidaatti ja diplomi-insinööri (3 v + 2 v), DIA-yhteisvalinta | Oulun yliopisto;Rakennus- ja yhdyskuntatekniikka, Rakennus- ja yhdyskuntatekniikan tutkinto-ohjelma, tekniikan kandidaatti ja diplomi-insinööri (3 v + 2 v), DIA-valintayhteistyö | Oulun yliopisto;95.77464788732395;Rakennus- ja yhdyskuntatekniikka, Rakennus- ja yhdyskuntatekniikan tutkinto-ohjelma, tekniikan kandidaatti ja diplomi-insinööri (3 v + 2 v), DIA-valintayhteistyö | Oulun yliopisto;tekniikka
1.2.246.562.20.00000000000000055965;Tuotantotalous, Tuotantotalouden tutkinto-ohjelma, tekniikan kandidaatti ja diplomi-insinööri (3v+2v), DIA-yhteisvalinta;Oulun yliopisto;Teknillinen tiedekunta;A;Tuotantotalous, Tuotantotalouden tutkinto-ohjelma, tekniikan kandidaatti ja diplomi-insinööri (3v+2v), DIA-yhteisvalinta | Oulun yliopisto;Tuotantotalous, Tuotantotalouden tutkinto-ohjelma, tekniikan kandidaatti ja diplomi-insinööri (3 v + 2 v), DIA-valintayhteistyö | Oulun yliopisto;93.28621908127208;Tuotantotalous, Tuotantotalouden tutkinto-ohjelma, tekniikan kandidaatti ja diplomi-insinööri (3 v + 2 v), DIA-valintayhteistyö | Oulun yliopisto;tekniikka
1.2.246.562.20.00000000000000055967;Ympäristötekniikka, Ympäristötekniikan tutkinto-ohjelma, tekniikan kandidaatti ja diplomi-insinööri (3 v + 2 v), DIA-yhteisvalinta;Oulun yliopisto;Teknillinen tiedekunta;A;Ympäristötekniikka, Ympäristötekniikan tutkinto-ohjelma, tekniikan kandidaatti ja diplomi-insinööri (3 v + 2 v), DIA-yhteisvalinta | Oulun yliopisto;Ympäristötekniikka, Ympäristötekniikan tutkinto-ohjelma, tekniikan kandidaatti ja diplomi-insinööri (3 v + 2 v), DIA-valintayhteistyö | Oulun yliopisto;94.98327759197325;Ympäristötekniikka, Ympäristötekniikan tutkinto-ohjelma, tekniikan kandidaatti ja diplomi-insinööri (3 v + 2 v), DIA-valintayhteistyö | Oulun yliopisto;tekniikka
1.2.246.562.20.00000000000000055950;Elektroniikan ja tietoliikennetekniikan tutkinto-ohjelma, tekniikan kandidaatti ja diplomi-insinööri (3v + 2v), DIA-yhteisvalinta;Oulun yliopisto;Tieto- ja sähkötekniikan tiedekunta;A;Elektroniikan ja tietoliikennetekniikan tutkinto-ohjelma, tekniikan kandidaatti ja diplomi-insinööri (3v + 2v), DIA-yhteisvalinta | Oulun yliopisto;Elektroniikan ja tietoliikennetekniikan tutkinto-ohjelma, tekniikan kandidaatti ja diplomi-insinööri (3 v + 2 v), DIA-valintayhteistyö | Oulun yliopisto;94.31438127090301;Elektroniikan ja tietoliikennetekniikan tutkinto-ohjelma, tekniikan kandidaatti ja diplomi-insinööri (3 v + 2 v), DIA-valintayhteistyö | Oulun yliopisto;tekniikka
1.2.246.562.20.00000000000000055993;Lääketieteen tekniikka, Lääketieteen tekniikan tutkinto-ohjelma, tekniikan kandidaatti ja diplomi-insinööri (3 v + 2 v), DIA-yhteisvalinta;Oulun yliopisto;Tieto- ja sähkötekniikan tiedekunta;A;Lääketieteen tekniikka, Lääketieteen tekniikan tutkinto-ohjelma, tekniikan kandidaatti ja diplomi-insinööri (3 v + 2 v), DIA-yhteisvalinta | Oulun yliopisto;Lääketieteen tekniikka, Lääketieteen tekniikan tutkinto-ohjelma, tekniikan kandidaatti ja diplomi-insinööri (3 v + 2 v), DIA-valintayhteistyö | Oulun yliopisto;95.23809523809523;Lääketieteen tekniikka, Lääketieteen tekniikan tutkinto-ohjelma, tekniikan kandidaatti ja diplomi-insinööri (3 v + 2 v), DIA-valintayhteistyö | Oulun yliopisto;tekniikka
1.2.246.562.20.00000000000000055994;Tietojenkäsittelytiede, Tietojenkäsittelytieteiden tutkinto-ohjelma, luonnontieteiden kandidaatti ja filosofian maisteri (3 v + 2 v);Oulun yliopisto;Tieto- ja sähkötekniikan tiedekunta;A;Tietojenkäsittelytiede, Tietojenkäsittelytieteiden tutkinto-ohjelma, luonnontieteiden kandidaatti ja filosofian maisteri (3 v + 2 v) | Oulun yliopisto;Tietojenkäsittelytiede, Tietojenkäsittelytieteiden tutkinto-ohjelma, luonnontieteiden kandidaatti ja filosofian maisteri (3 v + 2 v) | Oulun yliopisto;100.0;Tietojenkäsittelytiede, Tietojenkäsittelytieteiden tutkinto-ohjelma, luonnontieteiden kandidaatti ja filosofian maisteri (3 v + 2 v) | Oulun yliopisto;tietojenkäsittelytieteet
1.2.246.562.20.00000000000000055995;Tietotekniikka, Tietotekniikan tutkinto-ohjelma, tekniikan kandidaatti ja diplomi-insinööri (3 v + 2 v), DIA-yhteisvalinta;Oulun yliopisto;Tieto- ja sähkötekniikan tiedekunta;A;Tietotekniikka, Tietotekniikan tutkinto-ohjelma, tekniikan kandidaatti ja diplomi-insinööri (3 v + 2 v), DIA-yhteisvalinta | Oulun yliopisto;Tietotekniikka, Tietotekniikan tutkinto-ohjelma, tekniikan kandidaatti ja diplomi-insinööri (3 v + 2 v), DIA-valintayhteistyö | Oulun yliopisto;94.69964664310953;Tietotekniikka, Tietotekniikan tutkinto-ohjelma, tekniikan kandidaatti ja diplomi-insinööri (3 v + 2 v), DIA-valintayhteistyö | Oulun yliopisto;tekniikka
1.2.246.562.20.00000000000000063476;Energiamurroksen koulutus, Tekniikan kandidaatti ja diplomi-insinööri (3 v + 2 v) - DIA-yhteisvalinta;Tampereen yliopisto;Informaatioteknologian ja viestinnän tiedekunta;A;Energiamurroksen koulutus, Tekniikan kandidaatti ja diplomi-insinööri (3 v + 2 v) - DIA-yhteisvalinta | Tampereen yliopisto;Energiamurroksen koulutus, Tekniikan kandidaatti ja diplomi-insinööri (3 v + 2 v) - DIA-valintayhteistyö | Tampereen yliopisto;93.97590361445783;Energiamurroksen koulutus, Tekniikan kandidaatti ja diplomi-insinööri (3 v + 2 v) - DIA-valintayhteistyö | Tampereen yliopisto;tekniikka
1.2.246.562.20.00000000000000063274;Matematiikan ja tilastollisen data-analyysin koulutus, Luonnontieteiden kandidaatti ja filosofian maisteri (3 v + 2 v);Tampereen yliopisto;Informaatioteknologian ja viestinnän tiedekunta;A;Matematiikan ja tilastollisen data-analyysin koulutus, Luonnontieteiden kandidaatti ja filosofian maisteri (3 v + 2 v) | Tampereen yliopisto;Matematiikan ja tilastollisen data-analyysin koulutus, Luonnontieteiden kandidaatti ja filosofian maisteri (3 v + 2 v) | Tampereen yliopisto;100.0;Matematiikan ja tilastollisen data-analyysin koulutus, Luonnontieteiden kandidaatti ja filosofian maisteri (3 v + 2 v) | Tampereen yliopisto;matemaattiset tieteet
1.2.246.562.20.00000000000000063477;Sähkötekniikka, Tieto- ja sähkötekniikan koulutus, Tekniikan kandidaatti ja diplomi-insinööri (3 v + 2 v) - DIA-yhteisvalinta;Tampereen yliopisto;Informaatioteknologian ja viestinnän tiedekunta;A;Sähkötekniikka, Tieto- ja sähkötekniikan koulutus, Tekniikan kandidaatti ja diplomi-insinööri (3 v + 2 v) - DIA-yhteisvalinta | Tampereen yliopisto;Sähkötekniikka, Tieto- ja sähkötekniikan koulutus, Tekniikan kandidaatti ja diplomi-insinööri (3 v + 2 v) - DIA-valintayhteistyö | Tampereen yliopisto;94.94949494949495;Sähkötekniikka, Tieto- ja sähkötekniikan koulutus, Tekniikan kandidaatti ja diplomi-insinööri (3 v + 2 v) - DIA-valintayhteistyö | Tampereen yliopisto;tekniikka
1.2.246.562.20.00000000000000063280;Tietojenkäsittelytieteiden koulutus, Luonnontieteiden kandidaatti ja filosofian maisteri (3 v + 2 v);Tampereen yliopisto;Informaatioteknologian ja viestinnän tiedekunta;A;Tietojenkäsittelytieteiden koulutus, Luonnontieteiden kandidaatti ja filosofian maisteri (3 v + 2 v) | Tampereen yliopisto;Tietojenkäsittelytieteiden koulutus, Luonnontieteiden kandidaatti ja filosofian maisteri (3 v + 2 v) | Tampereen yliopisto;100.0;Tietojenkäsittelytieteiden koulutus, Luonnontieteiden kandidaatti ja filosofian maisteri (3 v + 2 v) | Tampereen yliopisto;tietojenkäsittelytieteet
1.2.246.562.20.00000000000000063478;Tietotekniikka, Tieto- ja sähkötekniikan koulutus, Tekniikan kandidaatti ja diplomi-insinööri (3 v + 2 v) - DIA-yhteisvalinta;Tampereen yliopisto;Informaatioteknologian ja viestinnän tiedekunta;A;Tietotekniikka, Tieto- ja sähkötekniikan koulutus, Tekniikan kandidaatti ja diplomi-insinööri (3 v + 2 v) - DIA-yhteisvalinta | Tampereen yliopisto;Tietotekniikka, Tieto- ja sähkötekniikan koulutus, Tekniikan kandidaatti ja diplomi-insinööri (3 v + 2 v) - DIA-valintayhteistyö | Tampereen yliopisto;94.94949494949495;Tietotekniikka, Tieto- ja sähkötekniikan koulutus, Tekniikan kandidaatti ja diplomi-insinööri (3 v + 2 v) - DIA-valintayhteistyö | Tampereen yliopisto;tekniikka
1.2.246.562.20.00000000000000063521;Tietojohtaminen, Teknis-taloudellinen koulutus, Tekniikan kandidaatti ja diplomi-insinööri (3 v + 2 v) - DIA-yhteisvalinta;Tampereen yliopisto;Johtamisen ja talouden tiedekunta;A;Tietojohtaminen, Teknis-taloudellinen koulutus, Tekniikan kandidaatti ja diplomi-insinööri (3 v + 2 v) - DIA-yhteisvalinta | Tampereen yliopisto;Tietojohtaminen, Teknis-taloudellinen koulutus, Tekniikan kandidaatti ja diplomi-insinööri (3 v + 2 v) - DIA-valintayhteistyö | Tampereen yliopisto;94.84536082474226;Tietojohtaminen, Teknis-taloudellinen koulutus, Tekniikan kandidaatti ja diplomi-insinööri (3 v + 2 v) - DIA-valintayhteistyö | Tampereen yliopisto;tekniikka
1.2.246.562.20.00000000000000063522;Tuotantotalous, Teknis-taloudellinen koulutus, Tekniikan kandidaatti ja diplomi-insinööri (3 v + 2 v) - DIA-yhteisvalinta;Tampereen yliopisto;Johtamisen ja talouden tiedekunta;A;Tuotantotalous, Teknis-taloudellinen koulutus, Tekniikan kandidaatti ja diplomi-insinööri (3 v + 2 v) - DIA-yhteisvalinta | Tampereen yliopisto;Tuotantotalous, Teknis-taloudellinen koulutus, Tekniikan kandidaatti ja diplomi-insinööri (3 v + 2 v) - DIA-valintayhteistyö | Tampereen yliopisto;94.80968858131487;Tuotantotalous, Teknis-taloudellinen koulutus, Tekniikan kandidaatti ja diplomi-insinööri (3 v + 2 v) - DIA-valintayhteistyö | Tampereen yliopisto;tekniikka
1.2.246.562.20.00000000000000063524;Bioteknologian ja biolääketieteen tekniikan koulutus, Tekniikan kandidaatti ja diplomi-insinööri (3 v + 2 v) - DIA-yhteisvalinta;Tampereen yliopisto;Lääketieteen ja terveysteknologian tiedekunta;A;Bioteknologian ja biolääketieteen tekniikan koulutus, Tekniikan kandidaatti ja diplomi-insinööri (3 v + 2 v) - DIA-yhteisvalinta | Tampereen yliopisto;Bioteknologian ja biolääketieteen tekniikan koulutus, Tekniikan kandidaatti ja diplomi-insinööri (3 v + 2 v) - DIA-valintayhteistyö | Tampereen yliopisto;95.04950495049505;Bioteknologian ja biolääketieteen tekniikan koulutus, Tekniikan kandidaatti ja diplomi-insinööri (3 v + 2 v) - DIA-valintayhteistyö | Tampereen yliopisto;tekniikka
1.2.246.562.20.00000000000000063318;Rakennustekniikan koulutus, Tekniikan kandidaatti ja diplomi-insinööri (3 v + 2 v) - DIA-yhteisvalinta;Tampereen yliopisto;Rakennetun ympäristön tiedekunta;A;Rakennustekniikan koulutus, Tekniikan kandidaatti ja diplomi-insinööri (3 v + 2 v) - DIA-yhteisvalinta | Tampereen yliopisto;Rakennustekniikan koulutus, Tekniikan kandidaatti ja diplomi-insinööri (3 v + 2 v) - DIA-valintayhteistyö | Tampereen yliopisto;94.02390438247012;Rakennustekniikan koulutus, Tekniikan kandidaatti ja diplomi-insinööri (3 v + 2 v) - DIA-valintayhteistyö | Tampereen yliopisto;tekniikka
1.2.246.562.20.00000000000000063465;Automaatiotekniikka, Teknisten tieteiden koulutus, Tekniikan kandidaatti ja diplomi-insinööri (3 v + 2 v) - DIA-yhteisvalinta;Tampereen yliopisto;Tekniikan ja luonnontieteiden tiedekunta;A;Automaatiotekniikka, Teknisten tieteiden koulutus, Tekniikan kandidaatti ja diplomi-insinööri (3 v + 2 v) - DIA-yhteisvalinta | Tampereen yliopisto;Automaatiotekniikka, Teknisten tieteiden koulutus, Tekniikan kandidaatti ja diplomi-insinööri (3 v + 2 v) - DIA-valintayhteistyö | Tampereen yliopisto;94.94949494949495;Automaatiotekniikka, Teknisten tieteiden koulutus, Tekniikan kandidaatti ja diplomi-insinööri (3 v + 2 v) - DIA-valintayhteistyö | Tampereen yliopisto;tekniikka
1.2.246.562.20.00000000000000063468;Konetekniikka, Teknisten tieteiden koulutus, Tekniikan kandidaatti ja diplomi-insinööri (3 v + 2 v) - DIA-yhteisvalinta;Tampereen yliopisto;Tekniikan ja luonnontieteiden tiedekunta;A;Konetekniikka, Teknisten tieteiden koulutus, Tekniikan kandidaatti ja diplomi-insinööri (3 v + 2 v) - DIA-yhteisvalinta | Tampereen yliopisto;Konetekniikka, Teknisten tieteiden koulutus, Tekniikan kandidaatti ja diplomi-insinööri (3 v + 2 v) - DIA-valintayhteistyö | Tampereen yliopisto;94.73684210526316;Konetekniikka, Teknisten tieteiden koulutus, Tekniikan kandidaatti ja diplomi-insinööri (3 v + 2 v) - DIA-valintayhteistyö | Tampereen yliopisto;tekniikka
1.2.246.562.20.00000000000000063469;Matemaattisten aineiden DI-opettajankoulutus, Tekniikan ja luonnontieteiden koulutus, Tekniikan kandidaatti ja diplomi-insinööri (3 v + 2 v) - DIA-yhteisvalinta;Tampereen yliopisto;Tekniikan ja luonnontieteiden tiedekunta;A;Matemaattisten aineiden DI-opettajankoulutus, Tekniikan ja luonnontieteiden koulutus, Tekniikan kandidaatti ja diplomi-insinööri (3 v + 2 v) - DIA-yhteisvalinta | Tampereen yliopisto;Matemaattisten aineiden DI-opettajankoulutus, Tekniikan ja luonnontieteiden koulutus, Tekniikan kandidaatti ja diplomi-insinööri (3 v + 2 v) - DIA-valintayhteistyö | Tampereen yliopisto;95.91280653950953;Matemaattisten aineiden DI-opettajankoulutus, Tekniikan ja luonnontieteiden koulutus, Tekniikan kandidaatti ja diplomi-insinööri (3 v + 2 v) - DIA-valintayhteistyö | Tampereen yliopisto;tekniikka
1.2.246.562.20.00000000000000063470;Materiaalitekniikka, Teknisten tieteiden koulutus, Tekniikan kandidaatti ja diplomi-insinööri (3 v + 2 v) - DIA-yhteisvalinta;Tampereen yliopisto;Tekniikan ja luonnontieteiden tiedekunta;A;Materiaalitekniikka, Teknisten tieteiden koulutus, Tekniikan kandidaatti ja diplomi-insinööri (3 v + 2 v) - DIA-yhteisvalinta | Tampereen yliopisto;Materiaalitekniikka, Teknisten tieteiden koulutus, Tekniikan kandidaatti ja diplomi-insinööri (3 v + 2 v) - DIA-valintayhteistyö | Tampereen yliopisto;94.94949494949495;Materiaalitekniikka, Teknisten tieteiden koulutus, Tekniikan kandidaatti ja diplomi-insinööri (3 v + 2 v) - DIA-valintayhteistyö | Tampereen yliopisto;tekniikka
1.2.246.562.20.00000000000000063471;Robotiikan koulutus, Tekniikan kandidaatti ja diplomi-insinööri (3 v + 2 v) - DIA-yhteisvalinta;Tampereen yliopisto;Tekniikan ja luonnontieteiden tiedekunta;A;Robotiikan koulutus, Tekniikan kandidaatti ja diplomi-insinööri (3 v + 2 v) - DIA-yhteisvalinta | Tampereen yliopisto;Robotiikan koulutus, Tekniikan kandidaatti ja diplomi-insinööri (3 v + 2 v) - DIA-valintayhteistyö | Tampereen yliopisto;93.67088607594937;Robotiikan koulutus, Tekniikan kandidaatti ja diplomi-insinööri (3 v + 2 v) - DIA-valintayhteistyö | Tampereen yliopisto;tekniikka
1.2.246.562.20.00000000000000063472;Teknis-luonnontieteellinen, Tekniikan ja luonnontieteiden koulutus, Tekniikan kandidaatti ja diplomi-insinööri (3 v + 2 v) - DIA-yhteisvalinta;Tampereen yliopisto;Tekniikan ja luonnontieteiden tiedekunta;A;Teknis-luonnontieteellinen, Tekniikan ja luonnontieteiden koulutus, Tekniikan kandidaatti ja diplomi-insinööri (3 v + 2 v) - DIA-yhteisvalinta | Tampereen yliopisto;Teknis-luonnontieteellinen, Tekniikan ja luonnontieteiden koulutus, Tekniikan kandidaatti ja diplomi-insinööri (3 v + 2 v) - DIA-valintayhteistyö | Tampereen yliopisto;95.46827794561933;Teknis-luonnontieteellinen, Tekniikan ja luonnontieteiden koulutus, Tekniikan kandidaatti ja diplomi-insinööri (3 v + 2 v) - DIA-valintayhteistyö | Tampereen yliopisto;tekniikka
1.2.246.562.20.00000000000000063473;Ympäristö-, energia- ja biotekniikka, Tekniikan ja luonnontieteiden koulutus, Tekniikan kandidaatti ja diplomi-insinööri (3 v + 2 v) - DIA-yhteisvalinta;Tampereen yliopisto;Tekniikan ja luonnontieteiden tiedekunta;A;Ympäristö-, energia- ja biotekniikka, Tekniikan ja luonnontieteiden koulutus, Tekniikan kandidaatti ja diplomi-insinööri (3 v + 2 v) - DIA-yhteisvalinta | Tampereen yliopisto;Ympäristö-, energia- ja biotekniikka, Tekniikan ja luonnontieteiden koulutus, Tekniikan kandidaatti ja diplomi-insinööri (3 v + 2 v) - DIA-valintayhteistyö | Tampereen yliopisto;95.72649572649573;Ympäristö-, energia- ja biotekniikka, Tekniikan ja luonnontieteiden koulutus, Tekniikan kandidaatti ja diplomi-insinööri (3 v + 2 v) - DIA-valintayhteistyö | Tampereen yliopisto;tekniikka
1.2.246.562.20.00000000000000056852;Fysikaaliset tieteet, luonnontieteiden kandidaatti ja filosofian maisteri (3 v + 2 v);Turun yliopisto;Matemaattis-luonnontieteellinen tiedekunta;A;Fysikaaliset tieteet, luonnontieteiden kandidaatti ja filosofian maisteri (3 v + 2 v) | Turun yliopisto;Fysikaaliset tieteet, luonnontieteiden kandidaatti ja filosofian maisteri (3 v + 2 v) | Turun yliopisto;100.0;Fysikaaliset tieteet, luonnontieteiden kandidaatti ja filosofian maisteri (3 v + 2 v) | Turun yliopisto;fysiikka
1.2.246.562.20.00000000000000056854;Kemia, luonnontieteiden kandidaatti ja filosofian maisteri (3 v + 2 v);Turun yliopisto;Matemaattis-luonnontieteellinen tiedekunta;A;Kemia, luonnontieteiden kandidaatti ja filosofian maisteri (3 v + 2 v) | Turun yliopisto;Kemia, luonnontieteiden kandidaatti ja filosofian maisteri (3 v + 2 v) | Turun yliopisto;100.0;Kemia, luonnontieteiden kandidaatti ja filosofian maisteri (3 v + 2 v) | Turun yliopisto;kemia
1.2.246.562.20.00000000000000056856;Matematiikan, fysiikan tai kemian aineenopettaja ja luokanopettaja, luonnontieteiden kandidaatti ja filosofian maisteri (3v +2v);Turun yliopisto;Matemaattis-luonnontieteellinen tiedekunta;A;Matematiikan, fysiikan tai kemian aineenopettaja ja luokanopettaja, luonnontieteiden kandidaatti ja filosofian maisteri (3v +2v) | Turun yliopisto;Matematiikan, fysiikan tai kemian aineenopettaja ja luokanopettaja, luonnontieteiden kandidaatti ja filosofian maisteri (3 v +2 v) | Turun yliopisto;99.31972789115646;Matematiikan, fysiikan tai kemian aineenopettaja ja luokanopettaja, luonnontieteiden kandidaatti ja filosofian maisteri (3 v +2 v) | Turun yliopisto;opettajankoulutukset
1.2.246.562.20.00000000000000056863;Matematiikka ja tilastotiede, luonnontieteiden kandidaatti ja filosofian maisteri (3 v + 2 v);Turun yliopisto;Matemaattis-luonnontieteellinen tiedekunta;A;Matematiikka ja tilastotiede, luonnontieteiden kandidaatti ja filosofian maisteri (3 v + 2 v) | Turun yliopisto;Matematiikka ja tilastotiede, luonnontieteiden kandidaatti ja filosofian maisteri (3 v + 2 v) | Turun yliopisto;100.0;Matematiikka ja tilastotiede, luonnontieteiden kandidaatti ja filosofian maisteri (3 v + 2 v) | Turun yliopisto;matemaattiset tieteet
1.2.246.562.20.00000000000000056865;Automaatiotekniikka, tekniikan kandidaatti ja diplomi-insinööri (3 v + 2 v), DIA-yhteisvalinta;Turun yliopisto;Teknillinen tiedekunta;A;Automaatiotekniikka, tekniikan kandidaatti ja diplomi-insinööri (3 v + 2 v), DIA-yhteisvalinta | Turun yliopisto;Automaatiotekniikka, tekniikan kandidaatti ja diplomi-insinööri (3 v + 2 v), DIA-valintayhteistyö | Turun yliopisto;93.3920704845815;Automaatiotekniikka, tekniikan kandidaatti ja diplomi-insinööri (3 v + 2 v), DIA-valintayhteistyö | Turun yliopisto;tekniikka
1.2.246.562.20.00000000000000056868;Biotekniikka, tekniikan kandidaatti ja diplomi-insinööri (3 v + 2 v), DIA-yhteisvalinta;Turun yliopisto;Teknillinen tiedekunta;A;Biotekniikka, tekniikan kandidaatti ja diplomi-insinööri (3 v + 2 v), DIA-yhteisvalinta | Turun yliopisto;Biotekniikka, tekniikan kandidaatti ja diplomi-insinööri (3 v + 2 v), DIA-valintayhteistyö | Turun yliopisto;92.95774647887323;Biotekniikka, tekniikan kandidaatti ja diplomi-insinööri (3 v + 2 v), DIA-valintayhteistyö | Turun yliopisto;tekniikka
1.2.246.562.20.00000000000000056866;Elintarviketekniikka,  tekniikan kandidaatti ja diplomi-insinööri (3 v + 2 v) DIA-yhteisvalinta;Turun yliopisto;Teknillinen tiedekunta;A;Elintarviketekniikka,  tekniikan kandidaatti ja diplomi-insinööri (3 v + 2 v) DIA-yhteisvalinta | Turun yliopisto;Elintarviketekniikka,  tekniikan kandidaatti ja diplomi-insinööri (3 v + 2 v) DIA-valintayhteistyö | Turun yliopisto;93.44978165938865;Elintarviketekniikka,  tekniikan kandidaatti ja diplomi-insinööri (3 v + 2 v) DIA-valintayhteistyö | Turun yliopisto;tekniikka
1.2.246.562.20.00000000000000056869;Konetekniikka, tekniikan kandidaatti ja diplomi-insinööri (3 v + 2 v), DIA-yhteisvalinta;Turun yliopisto;Teknillinen tiedekunta;A;Konetekniikka, tekniikan kandidaatti ja diplomi-insinööri (3 v + 2 v), DIA-yhteisvalinta | Turun yliopisto;Konetekniikka, tekniikan kandidaatti ja diplomi-insinööri (3 v + 2 v), DIA-valintayhteistyö | Turun yliopisto;93.02325581395348;Konetekniikka, tekniikan kandidaatti ja diplomi-insinööri (3 v + 2 v), DIA-valintayhteistyö | Turun yliopisto;tekniikka
1.2.246.562.20.00000000000000056870;Lääketieteellinen tekniikka ja terveysteknologia, tekniikan kandidaatti ja diplomi-insinööri (3v + 2v), DIA-yhteisvalinta;Turun yliopisto;Teknillinen tiedekunta;A;Lääketieteellinen tekniikka ja terveysteknologia, tekniikan kandidaatti ja diplomi-insinööri (3v + 2v), DIA-yhteisvalinta | Turun yliopisto;Lääketieteellinen tekniikka ja terveysteknologia, tekniikan kandidaatti ja diplomi-insinööri (3v + 2v), DIA-valintayhteistyö | Turun yliopisto;94.66192170818505;Lääketieteellinen tekniikka ja terveysteknologia, tekniikan kandidaatti ja diplomi-insinööri (3v + 2v), DIA-valintayhteistyö | Turun yliopisto;tekniikka
1.2.246.562.20.00000000000000056871;Materiaalitekniikka, tekniikan kandidaatti ja diplomi-insinööri (3 v + 2 v), DIA-yhteisvalinta;Turun yliopisto;Teknillinen tiedekunta;A;Materiaalitekniikka, tekniikan kandidaatti ja diplomi-insinööri (3 v + 2 v), DIA-yhteisvalinta | Turun yliopisto;Materiaalitekniikka, tekniikan kandidaatti ja diplomi-insinööri (3 v + 2 v), DIA-valintayhteistyö | Turun yliopisto;93.3920704845815;Materiaalitekniikka, tekniikan kandidaatti ja diplomi-insinööri (3 v + 2 v), DIA-valintayhteistyö | Turun yliopisto;tekniikka
1.2.246.562.20.00000000000000056874;Tietojenkäsittelytiede, luonnontieteiden kandidaatti ja filosofian maisteri (3 v + 2 v);Turun yliopisto;Teknillinen tiedekunta;A;Tietojenkäsittelytiede, luonnontieteiden kandidaatti ja filosofian maisteri (3 v + 2 v) | Turun yliopisto;Tietojenkäsittelytiede, luonnontieteiden kandidaatti ja filosofian maisteri (3 v + 2 v) | Turun yliopisto;100.0;Tietojenkäsittelytiede, luonnontieteiden kandidaatti ja filosofian maisteri (3 v + 2 v) | Turun yliopisto;tietojenkäsittelytieteet
1.2.246.562.20.00000000000000056872;Tietotekniikka, tekniikan kandidaatti ja diplomi-insinööri (3 v + 2 v), DIA-yhteisvalinta;Turun yliopisto;Teknillinen tiedekunta;A;Tietotekniikka, tekniikan kandidaatti ja diplomi-insinööri (3 v + 2 v), DIA-yhteisvalinta | Turun yliopisto;Tietotekniikka, tekniikan kandidaatti ja diplomi-insinööri (3 v + 2 v), DIA-valintayhteistyö | Turun yliopisto;93.08755760368663;Tietotekniikka, tekniikan kandidaatti ja diplomi-insinööri (3 v + 2 v), DIA-valintayhteistyö | Turun yliopisto;tekniikka
1.2.246.562.20.00000000000000056873;Tuotantotalous, tekniikan kandidaatti ja diplomi-insinööri (3 v + 2 v), DIA-yhteisvalinta;Turun yliopisto;Teknillinen tiedekunta;A;Tuotantotalous, tekniikan kandidaatti ja diplomi-insinööri (3 v + 2 v), DIA-yhteisvalinta | Turun yliopisto;Tuotantotalous, tekniikan kandidaatti ja diplomi-insinööri (3 v + 2 v), DIA-valintayhteistyö | Turun yliopisto;93.08755760368663;Tuotantotalous, tekniikan kandidaatti ja diplomi-insinööri (3 v + 2 v), DIA-valintayhteistyö | Turun yliopisto;tekniikka
1.2.246.562.20.00000000000000064173;Automaatio ja tietotekniikka, tekniikan kandidaatti ja diplomi-insinööri (3 v + 2 v) - DIA-yhteisvalinta 2025;Vaasan yliopisto;Tekniikan ja innovaatiojohtamisen yksikkö;A;Automaatio ja tietotekniikka, tekniikan kandidaatti ja diplomi-insinööri (3 v + 2 v) - DIA-yhteisvalinta 2025 | Vaasan yliopisto;Automaatio ja tietotekniikka, tekniikan kandidaatti ja diplomi-insinööri (3 v + 2 v) - DIA-valintayhteistyö | Vaasan yliopisto;92.1259842519685;Automaatio ja tietotekniikka, tekniikan kandidaatti ja diplomi-insinööri (3 v + 2 v) - DIA-valintayhteistyö | Vaasan yliopisto;tekniikka
1.2.246.562.20.00000000000000064190;Data-arkkitehtuuri, tekniikan kandidaatti ja diplomi-insinööri (3 v + 2 v) - DIA-yhteisvalinta 2025;Vaasan yliopisto;Tekniikan ja innovaatiojohtamisen yksikkö;A;Data-arkkitehtuuri, tekniikan kandidaatti ja diplomi-insinööri (3 v + 2 v) - DIA-yhteisvalinta 2025 | Vaasan yliopisto;Data-arkkitehtuuri, tekniikan kandidaatti ja diplomi-insinööri (3 v + 2 v) - DIA-valintayhteistyö | Vaasan yliopisto;91.45299145299145;Data-arkkitehtuuri, tekniikan kandidaatti ja diplomi-insinööri (3 v + 2 v) - DIA-valintayhteistyö | Vaasan yliopisto;tekniikka
1.2.246.562.20.00000000000000064201;Sähkö- ja energiatekniikka, tekniikan kandidaatti ja diplomi-insinööri (3 v + 2 v) - DIA-yhteisvalinta 2025;Vaasan yliopisto;Tekniikan ja innovaatiojohtamisen yksikkö;A;Sähkö- ja energiatekniikka, tekniikan kandidaatti ja diplomi-insinööri (3 v + 2 v) - DIA-yhteisvalinta 2025 | Vaasan yliopisto;Sähkö- ja energiatekniikka, tekniikan kandidaatti ja diplomi-insinööri (3 v + 2 v) - DIA-valintayhteistyö | Vaasan yliopisto;92.0;Sähkö- ja energiatekniikka, tekniikan kandidaatti ja diplomi-insinööri (3 v + 2 v) - DIA-valintayhteistyö | Vaasan yliopisto;tekniikka
1.2.246.562.20.00000000000000064203;Tuotantotalous, tekniikan kandidaatti ja diplomi-insinööri (3 v + 2 v) - DIA-yhteisvalinta 2025;Vaasan yliopisto;Tekniikan ja innovaatiojohtamisen yksikkö;A;Tuotantotalous, tekniikan kandidaatti ja diplomi-insinööri (3 v + 2 v) - DIA-yhteisvalinta 2025 | Vaasan yliopisto;Tuotantotalous, tekniikan kandidaatti ja diplomi-insinööri (3 v + 2 v) - DIA-valintayhteistyö | Vaasan yliopisto;91.1504424778761;Tuotantotalous, tekniikan kandidaatti ja diplomi-insinööri (3 v + 2 v) - DIA-valintayhteistyö | Vaasan yliopisto;tekniikka
1.2.246.562.20.00000000000000056170;Datateknik, utbildningsprogrammet i informationsteknologi, teknologie kandidat och diplomingenjör, (3+2 år) - DIA gemensam antagning;Åbo Akademi;Fakulteten för naturvetenskaper och teknik;A;Datateknik, utbildningsprogrammet i informationsteknologi, teknologie kandidat och diplomingenjör, (3+2 år) - DIA gemensam antagning | Åbo Akademi;Datateknik, utbildningsprogrammet i informationsteknologi, teknologie kandidat och diplomingenjör, (3+2 år) - DIA-antagningssamarbetet | Åbo Akademi;92.51700680272108;Datateknik, utbildningsprogrammet i informationsteknologi, teknologie kandidat och diplomingenjör, (3+2 år) - DIA-antagningssamarbetet | Åbo Akademi;tekniikka
1.2.246.562.20.00000000000000056171;Datavetenskap, utbildningsprogrammet i informationsteknologi, kandidat i naturvetenskaper och filosofie magister (3+2 år);Åbo Akademi;Fakulteten för naturvetenskaper och teknik;A;Datavetenskap, utbildningsprogrammet i informationsteknologi, kandidat i naturvetenskaper och filosofie magister (3+2 år) | Åbo Akademi;Datavetenskap, utbildningsprogrammet i informationsteknologi, kandidat i naturvetenskaper och filosofie magister (3+2 år) | Åbo Akademi;100.0;Datavetenskap, utbildningsprogrammet i informationsteknologi, kandidat i naturvetenskaper och filosofie magister (3+2 år) | Åbo Akademi;tietojenkäsittelytieteet
1.2.246.562.20.00000000000000056172;Fysik, Kemi, Matematik, utbildningsprogrammet i naturvetenskaper, kandidat i naturvetenskaper och filosofie magister (3+2 år);Åbo Akademi;Fakulteten för naturvetenskaper och teknik;A;Fysik, Kemi, Matematik, utbildningsprogrammet i naturvetenskaper, kandidat i naturvetenskaper och filosofie magister (3+2 år) | Åbo Akademi;Fysik, Kemi, Matematik, utbildningsprogrammet i naturvetenskaper, kandidat i naturvetenskaper och filosofie magister (3+2 år) | Åbo Akademi;100.0;Fysik, Kemi, Matematik, utbildningsprogrammet i naturvetenskaper, kandidat i naturvetenskaper och filosofie magister (3+2 år) | Åbo Akademi;fysiikka
1.2.246.562.20.00000000000000056176;Utbildningsprogrammet i kemi- och processteknik, teknologie kandidat och diplomingenjör (3+2 år), DIA gemensam antagning;Åbo Akademi;Fakulteten för naturvetenskaper och teknik;A;Utbildningsprogrammet i kemi- och processteknik, teknologie kandidat och diplomingenjör (3+2 år), DIA gemensam antagning | Åbo Akademi;Utbildningsprogrammet i kemi- och processteknik, teknologie kandidat och diplomingenjör (3+2 år), DIA-antagningssamarbetet | Åbo Akademi;91.85185185185185;Utbildningsprogrammet i kemi- och processteknik, teknologie kandidat och diplomingenjör (3+2 år), DIA-antagningssamarbetet | Åbo Akademi;tekniikka
1.2.246.562.20.00000000000000056370;Molekyylibiotieteiden kandiohjelma, luonnontieteiden kandidaatti ja filosofian maisteri (3 v + 2 v);Helsingin yliopisto;Bio- ja ympäristötieteellinen tiedekunta;B;Molekyylibiotieteiden kandiohjelma, luonnontieteiden kandidaatti ja filosofian maisteri (3 v + 2 v) | Helsingin yliopisto;Molekyylibiotieteiden kandiohjelma, luonnontieteiden kandidaatti ja filosofian maisteri (3 v + 2 v) | Helsingin yliopisto;100.0;Molekyylibiotieteiden kandiohjelma, luonnontieteiden kandidaatti ja filosofian maisteri (3 v + 2 v) | Helsingin yliopisto;biokemia ja molekyylibiotieteet
1.2.246.562.20.00000000000000056374;Eläinlääketieteen kandiohjelma, eläinlääketieteen kandidaatti ja lisensiaatti (3 v + 3 v);Helsingin yliopisto;Eläinlääketieteellinen tiedekunta;B;Eläinlääketieteen kandiohjelma, eläinlääketieteen kandidaatti ja lisensiaatti (3 v + 3 v) | Helsingin yliopisto;Eläinlääketieteen kandiohjelma, eläinlääketieteen kandidaatti ja lisensiaatti (3 v + 3 v) | Helsingin yliopisto;100.0;Eläinlääketieteen kandiohjelma, eläinlääketieteen kandidaatti ja lisensiaatti (3 v + 3 v) | Helsingin yliopisto;eläinlääketiede
1.2.246.562.20.00000000000000056375;Farmaseutin koulutusohjelma, farmaseutti (3 v);Helsingin yliopisto;Farmasian tiedekunta;B;Farmaseutin koulutusohjelma, farmaseutti (3 v) | Helsingin yliopisto;Farmaseutin koulutusohjelma, farmaseutti (3 v) | Helsingin yliopisto;100.0;Farmaseutin koulutusohjelma, farmaseutti (3 v) | Helsingin yliopisto;farmasia
1.2.246.562.20.00000000000000054978;Pf-koulutus, proviisorin koulutusohjelma, proviisori (2 v);Helsingin yliopisto;Farmasian tiedekunta;B;Pf-koulutus, proviisorin koulutusohjelma, proviisori (2 v) | Helsingin yliopisto;Pf-koulutus, proviisorin koulutusohjelma, proviisori (2 v) | Helsingin yliopisto;100.0;Pf-koulutus, proviisorin koulutusohjelma, proviisori (2 v) | Helsingin yliopisto;farmasia
1.2.246.562.20.00000000000000056376;Proviisorin koulutusohjelma, farmaseutti ja proviisori (3 v + 2 v);Helsingin yliopisto;Farmasian tiedekunta;B;Proviisorin koulutusohjelma, farmaseutti ja proviisori (3 v + 2 v) | Helsingin yliopisto;Proviisorin koulutusohjelma, farmaseutti ja proviisori (3 v + 2 v) | Helsingin yliopisto;100.0;Proviisorin koulutusohjelma, farmaseutti ja proviisori (3 v + 2 v) | Helsingin yliopisto;farmasia
1.2.246.562.20.00000000000000058219;Hammaslääketiede (opetus suomeksi), lääketieteen ja hammaslääketieteen kandiohjelma, hammaslääketieteen kandidaatti ja lisensiaatti (3 v + 2,5 v);Helsingin yliopisto;Lääketieteellinen tiedekunta;B;Hammaslääketiede (opetus suomeksi), lääketieteen ja hammaslääketieteen kandiohjelma, hammaslääketieteen kandidaatti ja lisensiaatti (3 v + 2,5 v) | Helsingin yliopisto;Hammaslääketiede (opetus suomeksi), lääketieteen ja hammaslääketieteen kandiohjelma, hammaslääketieteen kandidaatti ja lisensiaatti (3 v + 2,5 v) | Helsingin yliopisto;100.0;Hammaslääketiede (opetus suomeksi), lääketieteen ja hammaslääketieteen kandiohjelma, hammaslääketieteen kandidaatti ja lisensiaatti (3 v + 2,5 v) | Helsingin yliopisto;hammaslääketiede
1.2.246.562.20.00000000000000058217;Lääketiede (opetus suomeksi), lääketieteen ja hammaslääketieteen kandiohjelma, lääketieteen kandidaatti ja lisensiaatti (3 v + 3 v);Helsingin yliopisto;Lääketieteellinen tiedekunta;B;Lääketiede (opetus suomeksi), lääketieteen ja hammaslääketieteen kandiohjelma, lääketieteen kandidaatti ja lisensiaatti (3 v + 3 v) | Helsingin yliopisto;Lääketiede (opetus suomeksi), lääketieteen ja hammaslääketieteen kandiohjelma, lääketieteen kandidaatti ja lisensiaatti (3 v + 3 v) | Helsingin yliopisto;100.0;Lääketiede (opetus suomeksi), lääketieteen ja hammaslääketieteen kandiohjelma, lääketieteen kandidaatti ja lisensiaatti (3 v + 3 v) | Helsingin yliopisto;lääketiede
1.2.246.562.20.00000000000000058218;Medicin (undervisning på svenska), kandidatprogrammet i medicin och odontologi, medicine kandidat och licentiat (3 år + 3 år);Helsingin yliopisto;Lääketieteellinen tiedekunta;B;Medicin (undervisning på svenska), kandidatprogrammet i medicin och odontologi, medicine kandidat och licentiat (3 år + 3 år) | Helsingin yliopisto;Medicin (undervisning på svenska), kandidatprogrammet i medicin och odontologi, medicine kandidat och licentiat (3 år + 3 år) | Helsingin yliopisto;100.0;Medicin (undervisning på svenska), kandidatprogrammet i medicin och odontologi, medicine kandidat och licentiat (3 år + 3 år) | Helsingin yliopisto;lääketiede
1.2.246.562.20.00000000000000062432;Biolääketiede, Kuopio, luonnontieteiden kandidaatti ja filosofian maisteri (3 v + 2 v);Itä-Suomen yliopisto;Terveystieteiden tiedekunta;B;Biolääketiede, Kuopio, luonnontieteiden kandidaatti ja filosofian maisteri (3 v + 2 v) | Itä-Suomen yliopisto;Biolääketiede, Kuopio, luonnontieteiden kandidaatti ja filosofian maisteri (3 v + 2 v) | Itä-Suomen yliopisto;100.0;Biolääketiede, Kuopio, luonnontieteiden kandidaatti ja filosofian maisteri (3 v + 2 v) | Itä-Suomen yliopisto;biolääketiede
1.2.246.562.20.00000000000000062402;Farmaseutin koulutusohjelma, Kuopio, farmaseutti (3 v);Itä-Suomen yliopisto;Terveystieteiden tiedekunta;B;Farmaseutin koulutusohjelma, Kuopio, farmaseutti (3 v) | Itä-Suomen yliopisto;Farmaseutin koulutusohjelma, Kuopio, farmaseutti (3 v) | Itä-Suomen yliopisto;100.0;Farmaseutin koulutusohjelma, Kuopio, farmaseutti (3 v) | Itä-Suomen yliopisto;farmasia
1.2.246.562.20.00000000000000062487;Hammaslääketiede, Kuopio, hammaslääketieteen kandidaatti ja lisensiaatti (3 v + 2,5 v);Itä-Suomen yliopisto;Terveystieteiden tiedekunta;B;Hammaslääketiede, Kuopio, hammaslääketieteen kandidaatti ja lisensiaatti (3 v + 2,5 v) | Itä-Suomen yliopisto;Hammaslääketieteen koulutusohjelma, Kuopio, hammaslääketieteen kandidaatti ja lisensiaatti (3 v + 2,5 v) | Itä-Suomen yliopisto;91.52542372881356;Hammaslääketieteen koulutusohjelma, Kuopio, hammaslääketieteen kandidaatti ja lisensiaatti (3 v + 2,5 v) | Itä-Suomen yliopisto;hammaslääketiede
1.2.246.562.20.00000000000000062490;Lääketiede, Kuopio, lääketieteen kandidaatti ja lisensiaatti (3 v + 3 v);Itä-Suomen yliopisto;Terveystieteiden tiedekunta;B;Lääketiede, Kuopio, lääketieteen kandidaatti ja lisensiaatti (3 v + 3 v) | Itä-Suomen yliopisto;Lääketieteen koulutusohjelma, Kuopio, lääketieteen kandidaatti ja lisensiaatti (3 v + 3 v) | Itä-Suomen yliopisto;90.38461538461539;Lääketieteen koulutusohjelma, Kuopio, lääketieteen kandidaatti ja lisensiaatti (3 v + 3 v) | Itä-Suomen yliopisto;lääketiede
1.2.246.562.20.00000000000000062411;Maisterihaku, Proviisorin koulutusohjelma, Kuopio, proviisori (2 v);Itä-Suomen yliopisto;Terveystieteiden tiedekunta;B;Maisterihaku, Proviisorin koulutusohjelma, Kuopio, proviisori (2 v) | Itä-Suomen yliopisto;Maisterihaku, Proviisorin koulutusohjelma, Kuopio, proviisori (2 v) | Itä-Suomen yliopisto;100.0;Maisterihaku, Proviisorin koulutusohjelma, Kuopio, proviisori (2 v) | Itä-Suomen yliopisto;farmasia
1.2.246.562.20.00000000000000062407;Proviisorin koulutusohjelma, Kuopio, farmaseutti ja proviisori (3 v + 2 v);Itä-Suomen yliopisto;Terveystieteiden tiedekunta;B;Proviisorin koulutusohjelma, Kuopio, farmaseutti ja proviisori (3 v + 2 v) | Itä-Suomen yliopisto;Proviisorin koulutusohjelma, Kuopio, farmaseutti ja proviisori (3 v + 2 v) | Itä-Suomen yliopisto;100.0;Proviisorin koulutusohjelma, Kuopio, farmaseutti ja proviisori (3 v + 2 v) | Itä-Suomen yliopisto;farmasia
1.2.246.562.20.00000000000000062414;Ravitsemustiede, Kuopio, terveystieteiden kandidaatti ja maisteri (3 v + 2 v);Itä-Suomen yliopisto;Terveystieteiden tiedekunta;B;Ravitsemustiede, Kuopio, terveystieteiden kandidaatti ja maisteri (3 v + 2 v) | Itä-Suomen yliopisto;Ravitsemustiede, Kuopio, terveystieteiden kandidaatti ja maisteri (3 v + 2 v) | Itä-Suomen yliopisto;100.0;Ravitsemustiede, Kuopio, terveystieteiden kandidaatti ja maisteri (3 v + 2 v) | Itä-Suomen yliopisto;ravitsemustiede
1.2.246.562.20.00000000000000055929;Biokemia, Biokemian tutkinto-ohjelma, luonnontieteiden kandidaatti ja filosofian maisteri (3 v + 2 v);Oulun yliopisto;Biokemian ja molekyylilääketieteen tiedekunta;B;Biokemia, Biokemian tutkinto-ohjelma, luonnontieteiden kandidaatti ja filosofian maisteri (3 v + 2 v) | Oulun yliopisto;Biokemia, Biokemian tutkinto-ohjelma, luonnontieteiden kandidaatti ja filosofian maisteri (3 v + 2 v) | Oulun yliopisto;100.0;Biokemia, Biokemian tutkinto-ohjelma, luonnontieteiden kandidaatti ja filosofian maisteri (3 v + 2 v) | Oulun yliopisto;biokemia ja molekyylibiotieteet
1.2.246.562.20.00000000000000057269;Hammaslääketiede, Hammaslääketieteen tutkinto-ohjelma, hammaslääketieteen kandidaatti ja lisensiaatti (3 v + 2,5 v);Oulun yliopisto;Lääketieteellinen tiedekunta;B;Hammaslääketiede, Hammaslääketieteen tutkinto-ohjelma, hammaslääketieteen kandidaatti ja lisensiaatti (3 v + 2,5 v) | Oulun yliopisto;Hammaslääketiede, Hammaslääketieteen tutkinto-ohjelma, hammaslääketieteen kandidaatti ja lisensiaatti (3 v + 2,5 v) | Oulun yliopisto;100.0;Hammaslääketiede, Hammaslääketieteen tutkinto-ohjelma, hammaslääketieteen kandidaatti ja lisensiaatti (3 v + 2,5 v) | Oulun yliopisto;hammaslääketiede
1.2.246.562.20.00000000000000057268;Lääketiede, Lääketieteen tutkinto-ohjelma, lääketieteen kandidaatti ja lisensiaatti (3 v + 3 v);Oulun yliopisto;Lääketieteellinen tiedekunta;B;Lääketiede, Lääketieteen tutkinto-ohjelma, lääketieteen kandidaatti ja lisensiaatti (3 v + 3 v) | Oulun yliopisto;Lääketiede, Lääketieteen tutkinto-ohjelma, lääketieteen kandidaatti ja lisensiaatti (3 v + 3 v) | Oulun yliopisto;100.0;Lääketiede, Lääketieteen tutkinto-ohjelma, lääketieteen kandidaatti ja lisensiaatti (3 v + 3 v) | Oulun yliopisto;lääketiede
1.2.246.562.20.00000000000000063500;Bioteknologian ja biolääketieteen tekniikan koulutus, Luonnontieteiden kandidaatti ja filosofian maisteri (3 v + 2 v);Tampereen yliopisto;Lääketieteen ja terveysteknologian tiedekunta;B;Bioteknologian ja biolääketieteen tekniikan koulutus, Luonnontieteiden kandidaatti ja filosofian maisteri (3 v + 2 v) | Tampereen yliopisto;Bioteknologian ja biolääketieteen tekniikan koulutus, Luonnontieteiden kandidaatti ja filosofian maisteri (3 v + 2 v) | Tampereen yliopisto;100.0;Bioteknologian ja biolääketieteen tekniikan koulutus, Luonnontieteiden kandidaatti ja filosofian maisteri (3 v + 2 v) | Tampereen yliopisto;biokemia ja molekyylibiotieteet
1.2.246.562.20.00000000000000062871;Lääketieteen koulutus, Lääketieteen kandidaatti ja lääketieteen lisensiaatti (3 v + 3 v);Tampereen yliopisto;Lääketieteen ja terveysteknologian tiedekunta;B;Lääketieteen koulutus, Lääketieteen kandidaatti ja lääketieteen lisensiaatti (3 v + 3 v) | Tampereen yliopisto;Lääketieteen koulutus, Lääketieteen kandidaatti ja lääketieteen lisensiaatti (3 v + 3 v) | Tampereen yliopisto;100.0;Lääketieteen koulutus, Lääketieteen kandidaatti ja lääketieteen lisensiaatti (3 v + 3 v) | Tampereen yliopisto;lääketiede
1.2.246.562.20.00000000000000056849;Biolääketieteen ja lääkekehityksen tutkinto-ohjelma, luonnontieteiden kandidaatti ja filosofian maisteri (3 v + 2 v);Turun yliopisto;Lääketieteellinen tiedekunta;B;Biolääketieteen ja lääkekehityksen tutkinto-ohjelma, luonnontieteiden kandidaatti ja filosofian maisteri (3 v + 2 v) | Turun yliopisto;Biolääketieteen ja lääkekehityksen tutkinto-ohjelma, luonnontieteiden kandidaatti ja filosofian maisteri (3 v + 2 v) | Turun yliopisto;100.0;Biolääketieteen ja lääkekehityksen tutkinto-ohjelma, luonnontieteiden kandidaatti ja filosofian maisteri (3 v + 2 v) | Turun yliopisto;biolääketiede
1.2.246.562.20.00000000000000057242;Hammaslääketieteen tutkinto-ohjelma, hammaslääketieteen kandidaatti ja lisensiaatti (3 v + 2,5 v);Turun yliopisto;Lääketieteellinen tiedekunta;B;Hammaslääketieteen tutkinto-ohjelma, hammaslääketieteen kandidaatti ja lisensiaatti (3 v + 2,5 v) | Turun yliopisto;Hammaslääketieteen tutkinto-ohjelma, hammaslääketieteen kandidaatti ja lisensiaatti (3 v + 2,5 v) | Turun yliopisto;100.0;Hammaslääketieteen tutkinto-ohjelma, hammaslääketieteen kandidaatti ja lisensiaatti (3 v + 2,5 v) | Turun yliopisto;hammaslääketiede
1.2.246.562.20.00000000000000057241;Lääketieteen tutkinto-ohjelma, lääketieteen kandidaatti ja lisensiaatti (3 v + 3 v);Turun yliopisto;Lääketieteellinen tiedekunta;B;Lääketieteen tutkinto-ohjelma, lääketieteen kandidaatti ja lisensiaatti (3 v + 3 v) | Turun yliopisto;Lääketieteen tutkinto-ohjelma, lääketieteen kandidaatti ja lisensiaatti (3 v + 3 v) | Turun yliopisto;100.0;Lääketieteen tutkinto-ohjelma, lääketieteen kandidaatti ja lisensiaatti (3 v + 3 v) | Turun yliopisto;lääketiede
1.2.246.562.20.00000000000000056867;Biokemia, luonnontieteiden kandidaatti ja filosofian maisteri (3 v + 2 v);Turun yliopisto;Teknillinen tiedekunta;B;Biokemia, luonnontieteiden kandidaatti ja filosofian maisteri (3 v + 2 v) | Turun yliopisto;Biokemia, luonnontieteiden kandidaatti ja filosofian maisteri (3 v + 2 v) | Turun yliopisto;100.0;Biokemia, luonnontieteiden kandidaatti ja filosofian maisteri (3 v + 2 v) | Turun yliopisto;biokemia ja molekyylibiotieteet
1.2.246.562.20.00000000000000056169;Kandidatprogrammet i farmaci, farmaceut (3 år);Åbo Akademi;Fakulteten för naturvetenskaper och teknik;B;Kandidatprogrammet i farmaci, farmaceut (3 år) | Åbo Akademi;Kandidatprogrammet i farmaci, farmaceut (3 år) | Åbo Akademi;100.0;Kandidatprogrammet i farmaci, farmaceut (3 år) | Åbo Akademi;farmasia
1.2.246.562.20.00000000000000056178;Magisterprogrammet i farmaci, provisor (2 år);Åbo Akademi;Fakulteten för naturvetenskaper och teknik;B;Magisterprogrammet i farmaci, provisor (2 år) | Åbo Akademi;Magisterprogrammet i farmaci, provisor (2 år) | Åbo Akademi;100.0;Magisterprogrammet i farmaci, provisor (2 år) | Åbo Akademi;farmasia
1.2.246.562.20.00000000000000056175;Utbildningsprogrammet i farmaci, farmaceut och provisor (3+2 år);Åbo Akademi;Fakulteten för naturvetenskaper och teknik;B;Utbildningsprogrammet i farmaci, farmaceut och provisor (3+2 år) | Åbo Akademi;Utbildningsprogrammet i farmaci, farmaceut och provisor (3+2 år) | Åbo Akademi;100.0;Utbildningsprogrammet i farmaci, farmaceut och provisor (3+2 år) | Åbo Akademi;farmasia
1.2.246.562.20.00000000000000056371;Biologian kandiohjelma (suomen kielen taitoisille hakijoille), luonnontieteiden kandidaatti ja filosofian maisteri (3 v + 2 v);Helsingin yliopisto;Bio- ja ympäristötieteellinen tiedekunta;C;Biologian kandiohjelma (suomen kielen taitoisille hakijoille), luonnontieteiden kandidaatti ja filosofian maisteri (3 v + 2 v) | Helsingin yliopisto;Biologian kandiohjelma (suomen kielen taitoisille hakijoille), luonnontieteiden kandidaatti ja filosofian maisteri (3 v + 2 v) | Helsingin yliopisto;100.0;Biologian kandiohjelma (suomen kielen taitoisille hakijoille), luonnontieteiden kandidaatti ja filosofian maisteri (3 v + 2 v) | Helsingin yliopisto;biologia ja ympäristötieteet
1.2.246.562.20.00000000000000056372;Kandidatprogrammet i biologi (för sökande med kunskaper i svenska), kandidat i naturvetenskaper och filosofie magister (3 år + 2 år);Helsingin yliopisto;Bio- ja ympäristötieteellinen tiedekunta;C;Kandidatprogrammet i biologi (för sökande med kunskaper i svenska), kandidat i naturvetenskaper och filosofie magister (3 år + 2 år) | Helsingin yliopisto;Kandidatprogrammet i biologi (för sökande med kunskaper i svenska), kandidat i naturvetenskaper och filosofie magister (3 år + 2 år) | Helsingin yliopisto;100.0;Kandidatprogrammet i biologi (för sökande med kunskaper i svenska), kandidat i naturvetenskaper och filosofie magister (3 år + 2 år) | Helsingin yliopisto;biologia ja ympäristötieteet
1.2.246.562.20.00000000000000056373;Ympäristötieteiden kandiohjelma, luonnontieteiden kandidaatti ja filosofian maisteri (3 v + 2 v);Helsingin yliopisto;Bio- ja ympäristötieteellinen tiedekunta;C;Ympäristötieteiden kandiohjelma, luonnontieteiden kandidaatti ja filosofian maisteri (3 v + 2 v) | Helsingin yliopisto;Ympäristötieteiden kandiohjelma, luonnontieteiden kandidaatti ja filosofian maisteri (3 v + 2 v) | Helsingin yliopisto;100.0;Ympäristötieteiden kandiohjelma, luonnontieteiden kandidaatti ja filosofian maisteri (3 v + 2 v) | Helsingin yliopisto;biologia ja ympäristötieteet
1.2.246.562.20.00000000000000056414;Elintarviketieteiden kandiohjelma, elintarviketieteiden kandidaatti ja maisteri (3 v + 2 v);Helsingin yliopisto;Maatalous-metsätieteellinen tiedekunta;C;Elintarviketieteiden kandiohjelma, elintarviketieteiden kandidaatti ja maisteri (3 v + 2 v) | Helsingin yliopisto;Elintarvike- ja ravitsemustieteiden kandiohjelma, elintarviketieteiden kandidaatti ja maisteri (3 v + 2 v) | Helsingin yliopisto;93.7759336099585;Elintarvike- ja ravitsemustieteiden kandiohjelma, elintarviketieteiden kandidaatti ja maisteri (3 v + 2 v) | Helsingin yliopisto;elintarviketieteet
1.2.246.562.20.00000000000000056415;Maataloustieteiden kandiohjelma, maatalous- ja metsätieteiden kandidaatti ja maisteri (3 v + 2 v);Helsingin yliopisto;Maatalous-metsätieteellinen tiedekunta;C;Maataloustieteiden kandiohjelma, maatalous- ja metsätieteiden kandidaatti ja maisteri (3 v + 2 v) | Helsingin yliopisto;Maataloustieteiden kandiohjelma, maatalous- ja metsätieteiden kandidaatti ja maisteri (3 v + 2 v) | Helsingin yliopisto;100.0;Maataloustieteiden kandiohjelma, maatalous- ja metsätieteiden kandidaatti ja maisteri (3 v + 2 v) | Helsingin yliopisto;maatalous- ja metsätieteet
1.2.246.562.20.00000000000000056416;Metsätieteiden kandiohjelma, maatalous- ja metsätieteiden kandidaatti ja maisteri (3 v + 2 v);Helsingin yliopisto;Maatalous-metsätieteellinen tiedekunta;C;Metsätieteiden kandiohjelma, maatalous- ja metsätieteiden kandidaatti ja maisteri (3 v + 2 v) | Helsingin yliopisto;Metsätieteiden kandiohjelma, maatalous- ja metsätieteiden kandidaatti ja maisteri (3 v + 2 v) | Helsingin yliopisto;100.0;Metsätieteiden kandiohjelma, maatalous- ja metsätieteiden kandidaatti ja maisteri (3 v + 2 v) | Helsingin yliopisto;maatalous- ja metsätieteet
1.2.246.562.20.00000000000000056421;Geotieteiden kandiohjelma, luonnontieteiden kandidaatti ja filosofian maisteri (3 v + 2 v);Helsingin yliopisto;Matemaattis-luonnontieteellinen tiedekunta;C;Geotieteiden kandiohjelma, luonnontieteiden kandidaatti ja filosofian maisteri (3 v + 2 v) | Helsingin yliopisto;Geotieteiden kandiohjelma, luonnontieteiden kandidaatti ja filosofian maisteri (3 v + 2 v) | Helsingin yliopisto;100.0;Geotieteiden kandiohjelma, luonnontieteiden kandidaatti ja filosofian maisteri (3 v + 2 v) | Helsingin yliopisto;geotieteet
1.2.246.562.20.00000000000000056425;Maantieteen kandiohjelma, luonnontieteiden kandidaatti ja filosofian maisteri (3 v + 2 v);Helsingin yliopisto;Matemaattis-luonnontieteellinen tiedekunta;C;Maantieteen kandiohjelma, luonnontieteiden kandidaatti ja filosofian maisteri (3 v + 2 v) | Helsingin yliopisto;Maantieteen kandiohjelma, luonnontieteiden kandidaatti ja filosofian maisteri (3 v + 2 v) | Helsingin yliopisto;100.0;Maantieteen kandiohjelma, luonnontieteiden kandidaatti ja filosofian maisteri (3 v + 2 v) | Helsingin yliopisto;maantiede
1.2.246.562.20.00000000000000062796;Metsätiede, Joensuu, maatalous- ja metsätieteiden kandidaatti ja maisteri (3 v + 2 v);Itä-Suomen yliopisto;Luonnontieteiden;C;Metsätiede, Joensuu, maatalous- ja metsätieteiden kandidaatti ja maisteri (3 v + 2 v) | Itä-Suomen yliopisto;Metsätiede, Joensuu, maatalous- ja metsätieteiden kandidaatti ja maisteri (3 v + 2 v) | Itä-Suomen yliopisto;100.0;Metsätiede, Joensuu, maatalous- ja metsätieteiden kandidaatti ja maisteri (3 v + 2 v) | Itä-Suomen yliopisto;maatalous- ja metsätieteet
1.2.246.562.20.00000000000000062800;Ympäristö- ja biotieteet (biologia), Joensuu, luonnontieteiden kandidaatti ja filosofian maisteri (3 v + 2 v);Itä-Suomen yliopisto;Luonnontieteiden;C;Ympäristö- ja biotieteet (biologia), Joensuu, luonnontieteiden kandidaatti ja filosofian maisteri (3 v + 2 v) | Itä-Suomen yliopisto;Ympäristö- ja biotieteet (biologia), Joensuu, luonnontieteiden kandidaatti ja filosofian maisteri (3 v + 2 v) | Itä-Suomen yliopisto;100.0;Ympäristö- ja biotieteet (biologia), Joensuu, luonnontieteiden kandidaatti ja filosofian maisteri (3 v + 2 v) | Itä-Suomen yliopisto;biologia ja ympäristötieteet
1.2.246.562.20.00000000000000062801;Ympäristö- ja biotieteet (ympäristötieteet), Kuopio, luonnontieteiden kandidaatti ja filosofian maisteri (3 v + 2 v);Itä-Suomen yliopisto;Luonnontieteiden;C;Ympäristö- ja biotieteet (ympäristötieteet), Kuopio, luonnontieteiden kandidaatti ja filosofian maisteri (3 v + 2 v) | Itä-Suomen yliopisto;Ympäristö- ja biotieteet (ympäristötiede), Kuopio, luonnontieteiden kandidaatti ja filosofian maisteri (3 v + 2 v) | Itä-Suomen yliopisto;98.55072463768117;Ympäristö- ja biotieteet (ympäristötiede), Kuopio, luonnontieteiden kandidaatti ja filosofian maisteri (3 v + 2 v) | Itä-Suomen yliopisto;biologia ja ympäristötieteet
1.2.246.562.20.00000000000000062496;Maantiede ja ympäristöpolitiikka, Joensuu, luonnontieteiden kandidaatti ja filosofian maisteri tai yhteiskuntatieteiden kandidaatti ja maisteri (3 v + 2 v);Itä-Suomen yliopisto;Yhteiskuntatieteiden ja kauppatieteiden tiedekunta;C;Maantiede ja ympäristöpolitiikka, Joensuu, luonnontieteiden kandidaatti ja filosofian maisteri tai yhteiskuntatieteiden kandidaatti ja maisteri (3 v + 2 v) | Itä-Suomen yliopisto;Maantiede ja ympäristöpolitiikka, Joensuu, luonnontieteiden kandidaatti ja filosofian maisteri tai yhteiskuntatieteiden kandidaatti ja maisteri (3 v + 2 v) | Itä-Suomen yliopisto;100.0;Maantiede ja ympäristöpolitiikka, Joensuu, luonnontieteiden kandidaatti ja filosofian maisteri tai yhteiskuntatieteiden kandidaatti ja maisteri (3 v + 2 v) | Itä-Suomen yliopisto;maantiede
1.2.246.562.20.00000000000000063581;Biologian kandidaatti- ja maisteriohjelma, luonnontieteiden kandidaatti ja filosofian maisteri (3 v + 2 v);Jyväskylän yliopisto;Matemaattis-luonnontieteellinen tiedekunta;C;Biologian kandidaatti- ja maisteriohjelma, luonnontieteiden kandidaatti ja filosofian maisteri (3 v + 2 v) | Jyväskylän yliopisto;Biologian kandidaatti- ja maisteriohjelma, luonnontieteiden kandidaatti ja filosofian maisteri (3 v + 2 v) | Jyväskylän yliopisto;100.0;Biologian kandidaatti- ja maisteriohjelma, luonnontieteiden kandidaatti ja filosofian maisteri (3 v + 2 v) | Jyväskylän yliopisto;biologia ja ympäristötieteet
1.2.246.562.20.00000000000000063612;Ympäristö- ja vesistötieteiden kandidaatti- ja maisteriohjelma, luonnontieteiden kandidaatti ja filosofian maisteri (3 v + 2 v);Jyväskylän yliopisto;Matemaattis-luonnontieteellinen tiedekunta;C;Ympäristö- ja vesistötieteiden kandidaatti- ja maisteriohjelma, luonnontieteiden kandidaatti ja filosofian maisteri (3 v + 2 v) | Jyväskylän yliopisto;Ympäristö- ja vesistötieteiden kandidaatti- ja maisteriohjelma, luonnontieteiden kandidaatti ja filosofian maisteri (3 v + 2 v) | Jyväskylän yliopisto;100.0;Ympäristö- ja vesistötieteiden kandidaatti- ja maisteriohjelma, luonnontieteiden kandidaatti ja filosofian maisteri (3 v + 2 v) | Jyväskylän yliopisto;biologia ja ympäristötieteet
1.2.246.562.20.00000000000000055930;Biologia, Biologian tutkinto-ohjelma, luonnontieteiden kandidaatti ja filosofian maisteri (3v + 2v);Oulun yliopisto;Luonnontieteellinen tiedekunta;C;Biologia, Biologian tutkinto-ohjelma, luonnontieteiden kandidaatti ja filosofian maisteri (3v + 2v) | Oulun yliopisto;Biologia, Biologian tutkinto-ohjelma, luonnontieteiden kandidaatti ja filosofian maisteri (3 v + 2 v) | Oulun yliopisto;99.15254237288136;Biologia, Biologian tutkinto-ohjelma, luonnontieteiden kandidaatti ja filosofian maisteri (3 v + 2 v) | Oulun yliopisto;biologia ja ympäristötieteet
1.2.246.562.20.00000000000000055934;Maantiede, Maantieteen tutkinto-ohjelma, luonnontieteiden kandidaatti ja filosofian maisteri (3v + 2v);Oulun yliopisto;Luonnontieteellinen tiedekunta;C;Maantiede, Maantieteen tutkinto-ohjelma, luonnontieteiden kandidaatti ja filosofian maisteri (3v + 2v) | Oulun yliopisto;Maantiede, Maantieteen tutkinto-ohjelma, luonnontieteiden kandidaatti ja filosofian maisteri (3v + 2v) | Oulun yliopisto;100.0;Maantiede, Maantieteen tutkinto-ohjelma, luonnontieteiden kandidaatti ja filosofian maisteri (3v + 2v) | Oulun yliopisto;maantiede
1.2.246.562.20.00000000000000064771;Geotieteet, Geotieteiden tutkinto-ohjelma, luonnontieteiden kandidaatti ja filosofian maisteri (3 v + 2 v);Oulun yliopisto;Teknillinen tiedekunta;C;Geotieteet, Geotieteiden tutkinto-ohjelma, luonnontieteiden kandidaatti ja filosofian maisteri (3 v + 2 v) | Oulun yliopisto;Geotieteet, Geotieteiden tutkinto-ohjelma, luonnontieteiden kandidaatti ja filosofian maisteri (3 v + 2 v) | Oulun yliopisto;100.0;Geotieteet, Geotieteiden tutkinto-ohjelma, luonnontieteiden kandidaatti ja filosofian maisteri (3 v + 2 v) | Oulun yliopisto;geotieteet
1.2.246.562.20.00000000000000054999;(väärä) Ympäristötiede, luonnontieteiden kandidaatti ja filosofian maisteri (3 + 2 v);Turun yliopisto;Matemaattis-luonnontieteellinen tiedekunta;C;(väärä) Ympäristötiede, luonnontieteiden kandidaatti ja filosofian maisteri (3 + 2 v) | Turun yliopisto;Ympäristötiede, luonnontieteiden kandidaatti ja filosofian maisteri (3 v + 2 v) | Turun yliopisto;95.0;Ympäristötiede, luonnontieteiden kandidaatti ja filosofian maisteri (3 v + 2 v) | Turun yliopisto;biologia ja ympäristötieteet
1.2.246.562.20.00000000000000056851;Biologia,  luonnontieteiden kandidaatti ja filosofian maisteri (3 v + 2 v);Turun yliopisto;Matemaattis-luonnontieteellinen tiedekunta;C;Biologia,  luonnontieteiden kandidaatti ja filosofian maisteri (3 v + 2 v) | Turun yliopisto;Biologia,  luonnontieteiden kandidaatti ja filosofian maisteri (3 v + 2 v) | Turun yliopisto;100.0;Biologia,  luonnontieteiden kandidaatti ja filosofian maisteri (3 v + 2 v) | Turun yliopisto;biologia ja ympäristötieteet
1.2.246.562.20.00000000000000056853;Geologia, luonnontieteiden kandidaatti ja filosofian maisteri (3 v + 2 v);Turun yliopisto;Matemaattis-luonnontieteellinen tiedekunta;C;Geologia, luonnontieteiden kandidaatti ja filosofian maisteri (3 v + 2 v) | Turun yliopisto;Geologia, luonnontieteiden kandidaatti ja filosofian maisteri (3 v + 2 v) | Turun yliopisto;100.0;Geologia, luonnontieteiden kandidaatti ja filosofian maisteri (3 v + 2 v) | Turun yliopisto;geotieteet
1.2.246.562.20.00000000000000056855;Maantiede, luonnontieteiden kandidaatti ja filosofian maisteri (3 v + 2 v);Turun yliopisto;Matemaattis-luonnontieteellinen tiedekunta;C;Maantiede, luonnontieteiden kandidaatti ja filosofian maisteri (3 v + 2 v) | Turun yliopisto;Maantiede, luonnontieteiden kandidaatti ja filosofian maisteri (3 v + 2 v) | Turun yliopisto;100.0;Maantiede, luonnontieteiden kandidaatti ja filosofian maisteri (3 v + 2 v) | Turun yliopisto;maantiede
1.2.246.562.20.00000000000000064944;Ympäristötiede, luonnontieteiden kandidaatti ja filosofian maisteri (3 v + 2 v);Turun yliopisto;Matemaattis-luonnontieteellinen tiedekunta;C;Ympäristötiede, luonnontieteiden kandidaatti ja filosofian maisteri (3 v + 2 v) | Turun yliopisto;Ympäristötiede, luonnontieteiden kandidaatti ja filosofian maisteri (3 v + 2 v) | Turun yliopisto;100.0;Ympäristötiede, luonnontieteiden kandidaatti ja filosofian maisteri (3 v + 2 v) | Turun yliopisto;biologia ja ympäristötieteet
1.2.246.562.20.00000000000000056173;Geologi, utbildningsprogrammet i naturvetenskaper, kandidat i naturvetenskaper och filosofie magister (3+2 år);Åbo Akademi;Fakulteten för naturvetenskaper och teknik;C;Geologi, utbildningsprogrammet i naturvetenskaper, kandidat i naturvetenskaper och filosofie magister (3+2 år) | Åbo Akademi;Geologi, utbildningsprogrammet i naturvetenskaper, kandidat i naturvetenskaper och filosofie magister (3+2 år) | Åbo Akademi;100.0;Geologi, utbildningsprogrammet i naturvetenskaper, kandidat i naturvetenskaper och filosofie magister (3+2 år) | Åbo Akademi;geotieteet
1.2.246.562.20.00000000000000056174;Utbildningsprogrammet i biovetenskaper, kandidat i naturvetenskaper och filosofie magister (3+2 år);Åbo Akademi;Fakulteten för naturvetenskaper och teknik;C;Utbildningsprogrammet i biovetenskaper, kandidat i naturvetenskaper och filosofie magister (3+2 år) | Åbo Akademi;Utbildningsprogrammet i biovetenskaper, kandidat i naturvetenskaper och filosofie magister (3+2 år) | Åbo Akademi;100.0;Utbildningsprogrammet i biovetenskaper, kandidat i naturvetenskaper och filosofie magister (3+2 år) | Åbo Akademi;biologia ja ympäristötieteet
1.2.246.562.20.00000000000000056413;Logopedian kandiohjelma, humanististen tieteiden kandidaatti ja filosofian maisteri (3 v + 2 v);Helsingin yliopisto;Lääketieteellinen tiedekunta;D;Logopedian kandiohjelma, humanististen tieteiden kandidaatti ja filosofian maisteri (3 v + 2 v) | Helsingin yliopisto;Logopedian kandiohjelma, humanististen tieteiden kandidaatti ja filosofian maisteri (3 v + 2 v) | Helsingin yliopisto;100.0;Logopedian kandiohjelma, humanististen tieteiden kandidaatti ja filosofian maisteri (3 v + 2 v) | Helsingin yliopisto;logopedia
1.2.246.562.20.00000000000000054983;Maisterihaku, psykologian maisteriohjelma, psykologian maisteri (2,5 v);Helsingin yliopisto;Lääketieteellinen tiedekunta;D;Maisterihaku, psykologian maisteriohjelma, psykologian maisteri (2,5 v) | Helsingin yliopisto;Maisterihaku, psykologian maisteriohjelma, psykologian maisteri (2,5 v) | Helsingin yliopisto;100.0;Maisterihaku, psykologian maisteriohjelma, psykologian maisteri (2,5 v) | Helsingin yliopisto;psykologia
1.2.246.562.20.00000000000000054997;Maisterihaku, terveydenhuollon kehittämisen maisteriohjelma, terveystieteiden maisteri (2 v);Helsingin yliopisto;Lääketieteellinen tiedekunta;D;Maisterihaku, terveydenhuollon kehittämisen maisteriohjelma, terveystieteiden maisteri (2 v) | Helsingin yliopisto;Maisterihaku, terveydenhuollon kehittämisen maisteriohjelma, terveystieteiden maisteri (2 v) | Helsingin yliopisto;100.0;Maisterihaku, terveydenhuollon kehittämisen maisteriohjelma, terveystieteiden maisteri (2 v) | Helsingin yliopisto;terveys- ja hoitotieteet
1.2.246.562.20.00000000000000056411;Psykologian kandiohjelma, psykologian kandidaatti ja psykologian tai filosofian maisteri (3 v + 2,5 / 2 v);Helsingin yliopisto;Lääketieteellinen tiedekunta;D;Psykologian kandiohjelma, psykologian kandidaatti ja psykologian tai filosofian maisteri (3 v + 2,5 / 2 v) | Helsingin yliopisto;Psykologian kandiohjelma, psykologian kandidaatti ja psykologian maisteri (3 v + 2,5 v) | Helsingin yliopisto;95.0;Psykologian kandiohjelma, psykologian kandidaatti ja psykologian maisteri (3 v + 2,5 v) | Helsingin yliopisto;psykologia
1.2.246.562.20.00000000000000056412;Soveltavan psykologian kandiohjelma, psykologian kandidaatti ja filosofian maisteri (3 v + 2 v);Helsingin yliopisto;Lääketieteellinen tiedekunta;D;Soveltavan psykologian kandiohjelma, psykologian kandidaatti ja filosofian maisteri (3 v + 2 v) | Helsingin yliopisto;Psykologian kandiohjelma, psykologian kandidaatti ja psykologian maisteri (3 v + 2,5 v) | Helsingin yliopisto;88.49557522123894;Psykologian kandiohjelma, psykologian kandidaatti ja psykologian maisteri (3 v + 2,5 v) | Helsingin yliopisto;psykologia
1.2.246.562.20.00000000000000062218;Logopedia, Joensuu, humanististen tieteiden kandidaatti ja filosofian maisteri (3 v + 2 v);Itä-Suomen yliopisto;Filosofinen tiedekunta;D;Logopedia, Joensuu, humanististen tieteiden kandidaatti ja filosofian maisteri (3 v + 2 v) | Itä-Suomen yliopisto;Logopedia, Joensuu, humanististen tieteiden kandidaatti ja filosofian maisteri (3 v + 2 v) | Itä-Suomen yliopisto;100.0;Logopedia, Joensuu, humanististen tieteiden kandidaatti ja filosofian maisteri (3 v + 2 v) | Itä-Suomen yliopisto;logopedia
1.2.246.562.20.00000000000000062399;Psykologia, Joensuu, psykologian kandidaatti ja maisteri (3 v + 2,5 v);Itä-Suomen yliopisto;Filosofinen tiedekunta;D;Psykologia, Joensuu, psykologian kandidaatti ja maisteri (3 v + 2,5 v) | Itä-Suomen yliopisto;Psykologia, Joensuu, psykologian kandidaatti ja maisteri (3 v + 2,5 v) | Itä-Suomen yliopisto;100.0;Psykologia, Joensuu, psykologian kandidaatti ja maisteri (3 v + 2,5 v) | Itä-Suomen yliopisto;psykologia
1.2.246.562.20.00000000000000062494;Ergonomia ja työhyvinvoinnin edistäminen, Kuopio, terveystieteiden kandidaatti ja maisteri (3 v + 2 v);Itä-Suomen yliopisto;Terveystieteiden tiedekunta;D;Ergonomia ja työhyvinvoinnin edistäminen, Kuopio, terveystieteiden kandidaatti ja maisteri (3 v + 2 v) | Itä-Suomen yliopisto;Ergonomia ja työhyvinvointi, Kuopio, terveystieteiden kandidaatti ja maisteri (3 v + 2 v) | Itä-Suomen yliopisto;94.51476793248945;Ergonomia ja työhyvinvointi, Kuopio, terveystieteiden kandidaatti ja maisteri (3 v + 2 v) | Itä-Suomen yliopisto;terveys- ja hoitotieteet
1.2.246.562.20.00000000000000062387;Hoitotiede, hoitotieteen maisteriohjelma, Kuopio, terveystieteiden maisteri (2 v);Itä-Suomen yliopisto;Terveystieteiden tiedekunta;D;Hoitotiede, hoitotieteen maisteriohjelma, Kuopio, terveystieteiden maisteri (2 v) | Itä-Suomen yliopisto;Hoitotiede, hoitotieteen maisteriohjelma, Kuopio, terveystieteiden maisteri (2 v) | Itä-Suomen yliopisto;100.0;Hoitotiede, hoitotieteen maisteriohjelma, Kuopio, terveystieteiden maisteri (2 v) | Itä-Suomen yliopisto;terveys- ja hoitotieteet
1.2.246.562.20.00000000000000062500;Liikuntalääketiede ja terveysliikunta, Kuopio, terveystieteiden kandidaatti ja maisteri (3 v + 2 v);Itä-Suomen yliopisto;Terveystieteiden tiedekunta;D;Liikuntalääketiede ja terveysliikunta, Kuopio, terveystieteiden kandidaatti ja maisteri (3 v + 2 v) | Itä-Suomen yliopisto;Liikuntalääketiede ja terveysliikunta, Kuopio, terveystieteiden kandidaatti ja maisteri (3 v + 2 v) | Itä-Suomen yliopisto;100.0;Liikuntalääketiede ja terveysliikunta, Kuopio, terveystieteiden kandidaatti ja maisteri (3 v + 2 v) | Itä-Suomen yliopisto;terveys- ja hoitotieteet
1.2.246.562.20.00000000000000062504;Väestön terveyden edistäminen, Kuopio, terveystieteiden kandidaatti ja maisteri (3 v + 2 v);Itä-Suomen yliopisto;Terveystieteiden tiedekunta;D;Väestön terveyden edistäminen, Kuopio, terveystieteiden kandidaatti ja maisteri (3 v + 2 v) | Itä-Suomen yliopisto;Väestön terveyden edistäminen, Kuopio, terveystieteiden kandidaatti ja maisteri (3 v + 2 v) | Itä-Suomen yliopisto;100.0;Väestön terveyden edistäminen, Kuopio, terveystieteiden kandidaatti ja maisteri (3 v + 2 v) | Itä-Suomen yliopisto;terveys- ja hoitotieteet
1.2.246.562.20.00000000000000064809;Psykologian kandidaatti- ja maisteriohjelma, psykologian kandidaatti ja maisteri (3 v + 2,5 v);Jyväskylän yliopisto;Kasvatustieteiden ja psykologian tiedekunta;D;Psykologian kandidaatti- ja maisteriohjelma, psykologian kandidaatti ja maisteri (3 v + 2,5 v) | Jyväskylän yliopisto;Psykologian kandidaatti- ja maisteriohjelma, psykologian kandidaatti ja maisteri (3 v + 2,5 v) | Jyväskylän yliopisto;100.0;Psykologian kandidaatti- ja maisteriohjelma, psykologian kandidaatti ja maisteri (3 v + 2,5 v) | Jyväskylän yliopisto;psykologia
1.2.246.562.20.00000000000000062958;Liikuntabiologian kandidaatti- ja maisteriohjelma, liikuntatieteiden kandidaatti ja maisteri (3 v + 2 v);Jyväskylän yliopisto;Liikuntatieteellinen tiedekunta;D;Liikuntabiologian kandidaatti- ja maisteriohjelma, liikuntatieteiden kandidaatti ja maisteri (3 v + 2 v) | Jyväskylän yliopisto;Liikuntabiologian kandidaatti- ja maisteriohjelma, liikuntatieteiden kandidaatti ja maisteri (3 v + 2 v) | Jyväskylän yliopisto;100.0;Liikuntabiologian kandidaatti- ja maisteriohjelma, liikuntatieteiden kandidaatti ja maisteri (3 v + 2 v) | Jyväskylän yliopisto;liikuntatieteet
1.2.246.562.20.00000000000000063248;Maisterihaku, fysioterapian maisteriohjelma, terveystieteiden maisteri (2 v);Jyväskylän yliopisto;Liikuntatieteellinen tiedekunta;D;Maisterihaku, fysioterapian maisteriohjelma, terveystieteiden maisteri (2 v) | Jyväskylän yliopisto;Maisterihaku, fysioterapian maisteriohjelma, terveystieteiden maisteri (2 v) | Jyväskylän yliopisto;100.0;Maisterihaku, fysioterapian maisteriohjelma, terveystieteiden maisteri (2 v) | Jyväskylän yliopisto;terveys- ja hoitotieteet
1.2.246.562.20.00000000000000063269;Maisterihaku, gerontologian ja kansanterveyden maisteriohjelma, terveystieteiden maisteri (2 v);Jyväskylän yliopisto;Liikuntatieteellinen tiedekunta;D;Maisterihaku, gerontologian ja kansanterveyden maisteriohjelma, terveystieteiden maisteri (2 v) | Jyväskylän yliopisto;Maisterihaku, gerontologian ja kansanterveyden maisteriohjelma, terveystieteiden maisteri (2 v) | Jyväskylän yliopisto;100.0;Maisterihaku, gerontologian ja kansanterveyden maisteriohjelma, terveystieteiden maisteri (2 v) | Jyväskylän yliopisto;terveys- ja hoitotieteet
1.2.246.562.20.00000000000000063282;Maisterihaku, liikuntalääketieteen maisteriohjelma, terveystieteiden maisteri (2 v);Jyväskylän yliopisto;Liikuntatieteellinen tiedekunta;D;Maisterihaku, liikuntalääketieteen maisteriohjelma, terveystieteiden maisteri (2 v) | Jyväskylän yliopisto;Maisterihaku, liikuntalääketieteen maisteriohjelma, terveystieteiden maisteri (2 v) | Jyväskylän yliopisto;100.0;Maisterihaku, liikuntalääketieteen maisteriohjelma, terveystieteiden maisteri (2 v) | Jyväskylän yliopisto;terveys- ja hoitotieteet
1.2.246.562.20.00000000000000063504;Maisterihaku, terveyden edistämisen maisteriohjelma, terveystieteiden maisteri (2 v);Jyväskylän yliopisto;Liikuntatieteellinen tiedekunta;D;Maisterihaku, terveyden edistämisen maisteriohjelma, terveystieteiden maisteri (2 v) | Jyväskylän yliopisto;Maisterihaku, terveyden edistämisen maisteriohjelma, terveystieteiden maisteri (2 v) | Jyväskylän yliopisto;100.0;Maisterihaku, terveyden edistämisen maisteriohjelma, terveystieteiden maisteri (2 v) | Jyväskylän yliopisto;terveys- ja hoitotieteet
1.2.246.562.20.00000000000000063537;Terveystieteiden kandidaatti- ja maisteriohjelma, terveystieteiden kandidaatti ja maisteri (3 v + 2 v);Jyväskylän yliopisto;Liikuntatieteellinen tiedekunta;D;Terveystieteiden kandidaatti- ja maisteriohjelma, terveystieteiden kandidaatti ja maisteri (3 v + 2 v) | Jyväskylän yliopisto;Terveystieteiden kandidaatti- ja maisteriohjelma, terveystieteiden kandidaatti ja maisteri (3 v + 2 v) | Jyväskylän yliopisto;100.0;Terveystieteiden kandidaatti- ja maisteriohjelma, terveystieteiden kandidaatti ja maisteri (3 v + 2 v) | Jyväskylän yliopisto;terveys- ja hoitotieteet
1.2.246.562.20.00000000000000063418;Valmennustieteen kandidaatti- ja maisteriohjelma, liikuntatieteiden kandidaatti ja maisteri (3 v + 2 v);Jyväskylän yliopisto;Liikuntatieteellinen tiedekunta;D;Valmennustieteen kandidaatti- ja maisteriohjelma, liikuntatieteiden kandidaatti ja maisteri (3 v + 2 v) | Jyväskylän yliopisto;Valmennustieteen kandidaatti- ja maisteriohjelma, liikuntatieteiden kandidaatti ja maisteri (3 v + 2 v) | Jyväskylän yliopisto;100.0;Valmennustieteen kandidaatti- ja maisteriohjelma, liikuntatieteiden kandidaatti ja maisteri (3 v + 2 v) | Jyväskylän yliopisto;liikuntatieteet
1.2.246.562.20.00000000000000056017;Logopedia, Logopedian tutkinto-ohjelma, humanististen tieteiden kandidaatti ja filosofian maisteri (3 v + 2 v);Oulun yliopisto;Humanistinen tiedekunta;D;Logopedia, Logopedian tutkinto-ohjelma, humanististen tieteiden kandidaatti ja filosofian maisteri (3 v + 2 v) | Oulun yliopisto;Logopedia, Logopedian tutkinto-ohjelma, humanististen tieteiden kandidaatti ja filosofian maisteri (3 v + 2 v) | Oulun yliopisto;100.0;Logopedia, Logopedian tutkinto-ohjelma, humanististen tieteiden kandidaatti ja filosofian maisteri (3 v + 2 v) | Oulun yliopisto;logopedia
1.2.246.562.20.00000000000000056004;Psykologia, psykologian tutkinto-ohjelma, psykologian kandidaatti ja maisteri (3v + 2,5v) / psykologian kandidaatti ja filosofian maisteri (3 v + 2 v);Oulun yliopisto;Kasvatustieteiden ja psykologian tiedekunta;D;Psykologia, psykologian tutkinto-ohjelma, psykologian kandidaatti ja maisteri (3v + 2,5v) / psykologian kandidaatti ja filosofian maisteri (3 v + 2 v) | Oulun yliopisto;Psykologia, psykologian tutkinto-ohjelma, psykologian kandidaatti ja maisteri (3v + 2,5v) / psykologian kandidaatti ja filosofian maisteri (3 v + 2 v) | Oulun yliopisto;100.0;Psykologia, psykologian tutkinto-ohjelma, psykologian kandidaatti ja maisteri (3v + 2,5v) / psykologian kandidaatti ja filosofian maisteri (3 v + 2 v) | Oulun yliopisto;psykologia
1.2.246.562.20.00000000000000064424;Maisterihaku, Hoitotiede, Hoitotieteen maisteriohjelma, terveystieteiden maisteri (2 v);Oulun yliopisto;Lääketieteellinen tiedekunta;D;Maisterihaku, Hoitotiede, Hoitotieteen maisteriohjelma, terveystieteiden maisteri (2 v) | Oulun yliopisto;Maisterihaku, Hoitotiede, Hoitotieteen maisteriohjelma, terveystieteiden maisteri (2 v) | Oulun yliopisto;100.0;Maisterihaku, Hoitotiede, Hoitotieteen maisteriohjelma, terveystieteiden maisteri (2 v) | Oulun yliopisto;terveys- ja hoitotieteet
1.2.246.562.20.00000000000000055991;Maisterihaku, Terveyshallintotiede,Terveyshallintotieteen maisteriohjelma, terveystieteiden maisteri (2 v);Oulun yliopisto;Lääketieteellinen tiedekunta;D;Maisterihaku, Terveyshallintotiede,Terveyshallintotieteen maisteriohjelma, terveystieteiden maisteri (2 v) | Oulun yliopisto;Maisterihaku, Terveyshallintotiede,Terveyshallintotieteen maisteriohjelma, terveystieteiden maisteri (2 v) | Oulun yliopisto;100.0;Maisterihaku, Terveyshallintotiede,Terveyshallintotieteen maisteriohjelma, terveystieteiden maisteri (2 v) | Oulun yliopisto;terveys- ja hoitotieteet
1.2.246.562.20.00000000000000055989;Terveystieteet, terveystieteiden tutkinto-ohjelma, terveystieteiden kandidaatti ja maisteri (3v + 2v);Oulun yliopisto;Lääketieteellinen tiedekunta;D;Terveystieteet, terveystieteiden tutkinto-ohjelma, terveystieteiden kandidaatti ja maisteri (3v + 2v) | Oulun yliopisto;Terveystieteet, terveystieteiden tutkinto-ohjelma, terveystieteiden kandidaatti ja maisteri (3 v + 2 v) | Oulun yliopisto;99.16666666666667;Terveystieteet, terveystieteiden tutkinto-ohjelma, terveystieteiden kandidaatti ja maisteri (3 v + 2 v) | Oulun yliopisto;terveys- ja hoitotieteet
1.2.246.562.20.00000000000000063284;Kansanterveystieteen koulutus, Terveystieteiden kandidaatti ja maisteri (3 v + 2 v);Tampereen yliopisto;Yhteiskuntatieteiden tiedekunta;D;Kansanterveystieteen koulutus, Terveystieteiden kandidaatti ja maisteri (3 v + 2 v) | Tampereen yliopisto;Kansanterveystieteen koulutus, Terveystieteiden kandidaatti ja maisteri (3 v + 2 v) | Tampereen yliopisto;100.0;Kansanterveystieteen koulutus, Terveystieteiden kandidaatti ja maisteri (3 v + 2 v) | Tampereen yliopisto;terveys- ja hoitotieteet
1.2.246.562.20.00000000000000063525;Logopedian koulutus, Humanististen tieteiden kandidaatti ja filosofian maisteri (3 v + 2 v);Tampereen yliopisto;Yhteiskuntatieteiden tiedekunta;D;Logopedian koulutus, Humanististen tieteiden kandidaatti ja filosofian maisteri (3 v + 2 v) | Tampereen yliopisto;Filosofian koulutus, Humanististen tieteiden kandidaatti ja filosofian maisteri (3 v + 2 v) | Tampereen yliopisto;95.57522123893806;Filosofian koulutus, Humanististen tieteiden kandidaatti ja filosofian maisteri (3 v + 2 v) | Tampereen yliopisto;logopedia
1.2.246.562.20.00000000000000063035;Maisterihaku, Kehittävä terveysjohtaminen, Hoitotieteen maisteriohjelma, Terveystieteiden maisteri (2 v);Tampereen yliopisto;Yhteiskuntatieteiden tiedekunta;D;Maisterihaku, Kehittävä terveysjohtaminen, Hoitotieteen maisteriohjelma, Terveystieteiden maisteri (2 v) | Tampereen yliopisto;Maisterihaku, Kehittävä terveysjohtaminen, Hoitotieteen maisteriohjelma, Terveystieteiden maisteri (2 v) | Tampereen yliopisto;100.0;Maisterihaku, Kehittävä terveysjohtaminen, Hoitotieteen maisteriohjelma, Terveystieteiden maisteri (2 v) | Tampereen yliopisto;terveys- ja hoitotieteet
1.2.246.562.20.00000000000000064554;Maisterihaku, Terveyspedagogiikka, Hoitotieteen maisteriohjelma, Terveystieteiden maisteri (2 v);Tampereen yliopisto;Yhteiskuntatieteiden tiedekunta;D;Maisterihaku, Terveyspedagogiikka, Hoitotieteen maisteriohjelma, Terveystieteiden maisteri (2 v) | Tampereen yliopisto;Maisterihaku, Terveyspedagogiikka, Hoitotieteen maisteriohjelma, Terveystieteiden maisteri (2 v) | Tampereen yliopisto;100.0;Maisterihaku, Terveyspedagogiikka, Hoitotieteen maisteriohjelma, Terveystieteiden maisteri (2 v) | Tampereen yliopisto;terveys- ja hoitotieteet
1.2.246.562.20.00000000000000063526;Psykologian koulutus, Psykologian kandidaatti ja maisteri (3 v + 2,5 v);Tampereen yliopisto;Yhteiskuntatieteiden tiedekunta;D;Psykologian koulutus, Psykologian kandidaatti ja maisteri (3 v + 2,5 v) | Tampereen yliopisto;Psykologian koulutus, Psykologian kandidaatti ja maisteri (3 v + 2,5 v) | Tampereen yliopisto;100.0;Psykologian koulutus, Psykologian kandidaatti ja maisteri (3 v + 2,5 v) | Tampereen yliopisto;psykologia
1.2.246.562.20.00000000000000057238;Maisterihaku, hoitotieteen tutkinto-ohjelma, terveystieteiden maisteri (2 v);Turun yliopisto;Lääketieteellinen tiedekunta;D;Maisterihaku, hoitotieteen tutkinto-ohjelma, terveystieteiden maisteri (2 v) | Turun yliopisto;Maisterihaku, hoitotieteen tutkinto-ohjelma, terveystieteiden maisteri (2 v) | Turun yliopisto;100.0;Maisterihaku, hoitotieteen tutkinto-ohjelma, terveystieteiden maisteri (2 v) | Turun yliopisto;terveys- ja hoitotieteet
1.2.246.562.20.00000000000000056880;Logopedia, humanististen tieteiden kandidaatti ja filosofian maisteri (3 v + 2 v);Turun yliopisto;Yhteiskuntatieteellinen tiedekunta;D;Logopedia, humanististen tieteiden kandidaatti ja filosofian maisteri (3 v + 2 v) | Turun yliopisto;Logopedia, humanististen tieteiden kandidaatti ja filosofian maisteri (3 v + 2 v) | Turun yliopisto;100.0;Logopedia, humanististen tieteiden kandidaatti ja filosofian maisteri (3 v + 2 v) | Turun yliopisto;logopedia
1.2.246.562.20.00000000000000056881;Psykologia, psykologian kandidaatti ja psykologian maisteri (3 v + 2,5 v);Turun yliopisto;Yhteiskuntatieteellinen tiedekunta;D;Psykologia, psykologian kandidaatti ja psykologian maisteri (3 v + 2,5 v) | Turun yliopisto;Psykologia, psykologian kandidaatti ja psykologian maisteri (3 v + 2,5 v) | Turun yliopisto;100.0;Psykologia, psykologian kandidaatti ja psykologian maisteri (3 v + 2,5 v) | Turun yliopisto;psykologia
1.2.246.562.20.00000000000000056143;Utbildningsprogrammet i logopedi, kandidat i humanistiska vetenskaper och filosofie magister (3+2 år);Åbo Akademi;Fakulteten för humaniora;D;Utbildningsprogrammet i logopedi, kandidat i humanistiska vetenskaper och filosofie magister (3+2 år) | Åbo Akademi;Utbildningsprogrammet i logopedi, kandidat i humanistiska vetenskaper och filosofie magister (3+2 år) | Åbo Akademi;100.0;Utbildningsprogrammet i logopedi, kandidat i humanistiska vetenskaper och filosofie magister (3+2 år) | Åbo Akademi;logopedia
1.2.246.562.20.00000000000000056144;Utbildningsprogrammet i psykologi, psykologie kandidat och magister (3+2,5 år);Åbo Akademi;Fakulteten för humaniora;D;Utbildningsprogrammet i psykologi, psykologie kandidat och magister (3+2,5 år) | Åbo Akademi;Utbildningsprogrammet i psykologi, psykologie kandidat och magister (3+2,5 år) | Åbo Akademi;100.0;Utbildningsprogrammet i psykologi, psykologie kandidat och magister (3+2,5 år) | Åbo Akademi;psykologia
1.2.246.562.20.00000000000000056196;Utbildningsprogrammet i hälsovetenskaper (Vasa), kandidat i hälsovetenskaper och magister i hälsovetenskaper (3+2 år);Åbo Akademi;Fakulteten för pedagogik och välfärdsstudier;D;Utbildningsprogrammet i hälsovetenskaper (Vasa), kandidat i hälsovetenskaper och magister i hälsovetenskaper (3+2 år) | Åbo Akademi;Utbildningsprogrammet i hälsovetenskaper (Vasa), kandidat i hälsovetenskaper och magister i hälsovetenskaper (3+2 år) | Åbo Akademi;100.0;Utbildningsprogrammet i hälsovetenskaper (Vasa), kandidat i hälsovetenskaper och magister i hälsovetenskaper (3+2 år) | Åbo Akademi;terveys- ja hoitotieteet
1.2.246.562.20.00000000000000056403;Allmän och vuxenpedagogik (undervisning på svenska), pedagogie kandidat och magister (3 år + 2 år);Helsingin yliopisto;Kasvatustieteellinen tiedekunta;E;Allmän och vuxenpedagogik (undervisning på svenska), pedagogie kandidat och magister (3 år + 2 år) | Helsingin yliopisto;Pedagogik (undervisning på svenska), pedagogie kandidat och magister (3 år + 2 år) | Helsingin yliopisto;91.96428571428571;Pedagogik (undervisning på svenska), pedagogie kandidat och magister (3 år + 2 år) | Helsingin yliopisto;kasvatustieteet
1.2.246.562.20.00000000000000056395;Erityispedagogiikka, kasvatustieteen kandidaatti ja maisteri (3 v + 2 v);Helsingin yliopisto;Kasvatustieteellinen tiedekunta;E;Erityispedagogiikka, kasvatustieteen kandidaatti ja maisteri (3 v + 2 v) | Helsingin yliopisto;Erityispedagogiikka, kasvatustieteen kandidaatti ja maisteri (3 v + 2 v) | Helsingin yliopisto;100.0;Erityispedagogiikka, kasvatustieteen kandidaatti ja maisteri (3 v + 2 v) | Helsingin yliopisto;kasvatustieteet
1.2.246.562.20.00000000000000056399;Klasslärare (undervisning på svenska), pedagogie kandidat och magister (3 år + 2 år);Helsingin yliopisto;Kasvatustieteellinen tiedekunta;E;Klasslärare (undervisning på svenska), pedagogie kandidat och magister (3 år + 2 år) | Helsingin yliopisto;Klasslärare (undervisning på svenska), pedagogie kandidat och magister (3 år + 2 år) | Helsingin yliopisto;100.0;Klasslärare (undervisning på svenska), pedagogie kandidat och magister (3 år + 2 år) | Helsingin yliopisto;kasvatustieteet
1.2.246.562.20.00000000000000056396;Kotitalousopettaja, kasvatustieteen kandidaatti ja maisteri (3 v + 2 v);Helsingin yliopisto;Kasvatustieteellinen tiedekunta;E;Kotitalousopettaja, kasvatustieteen kandidaatti ja maisteri (3 v + 2 v) | Helsingin yliopisto;Kotitaloustiede ja kotitalousopettaja, kasvatustieteen kandidaatti ja maisteri (3 v + 2 v) | Helsingin yliopisto;90.73170731707317;Kotitaloustiede ja kotitalousopettaja, kasvatustieteen kandidaatti ja maisteri (3 v + 2 v) | Helsingin yliopisto;kasvatustieteet
1.2.246.562.20.00000000000000056397;Käsityönopettaja, kasvatustieteen kandidaatti ja maisteri (3 v + 2 v);Helsingin yliopisto;Kasvatustieteellinen tiedekunta;E;Käsityönopettaja, kasvatustieteen kandidaatti ja maisteri (3 v + 2 v) | Helsingin yliopisto;Käsityötiede ja käsityönopettaja, kasvatustieteen kandidaatti ja maisteri (3 v + 2 v) | Helsingin yliopisto;91.91919191919192;Käsityötiede ja käsityönopettaja, kasvatustieteen kandidaatti ja maisteri (3 v + 2 v) | Helsingin yliopisto;kasvatustieteet
1.2.246.562.20.00000000000000056398;Luokanopettaja (opetus suomeksi), kasvatustieteen kandidaatti ja maisteri (3 v + 2 v);Helsingin yliopisto;Kasvatustieteellinen tiedekunta;E;Luokanopettaja (opetus suomeksi), kasvatustieteen kandidaatti ja maisteri (3 v + 2 v) | Helsingin yliopisto;Luokanopettaja (opetus suomeksi), kasvatustieteen kandidaatti ja maisteri (3 v + 2 v) | Helsingin yliopisto;100.0;Luokanopettaja (opetus suomeksi), kasvatustieteen kandidaatti ja maisteri (3 v + 2 v) | Helsingin yliopisto;kasvatustieteet
1.2.246.562.20.00000000000000056401;Lärare inom småbarnspedagogik (undervisning på svenska), pedagogie kandidat (3 år);Helsingin yliopisto;Kasvatustieteellinen tiedekunta;E;Lärare inom småbarnspedagogik (undervisning på svenska), pedagogie kandidat (3 år) | Helsingin yliopisto;Lärare inom småbarnspedagogik (undervisning på svenska), pedagogie kandidat (3 år) | Helsingin yliopisto;100.0;Lärare inom småbarnspedagogik (undervisning på svenska), pedagogie kandidat (3 år) | Helsingin yliopisto;kasvatustieteet
1.2.246.562.20.00000000000000054959;Maisterihaku, varhaiskasvatus, kasvatustieteiden maisteriohjelma, kasvatustieteen maisteri (2 v);Helsingin yliopisto;Kasvatustieteellinen tiedekunta;E;Maisterihaku, varhaiskasvatus, kasvatustieteiden maisteriohjelma, kasvatustieteen maisteri (2 v) | Helsingin yliopisto;Maisterihaku, varhaiskasvatus, kasvatustieteiden maisteriohjelma, kasvatustieteen maisteri (2 v) | Helsingin yliopisto;100.0;Maisterihaku, varhaiskasvatus, kasvatustieteiden maisteriohjelma, kasvatustieteen maisteri (2 v) | Helsingin yliopisto;kasvatustieteet
1.2.246.562.20.00000000000000054960;Maisterihaku, yleinen ja aikuiskasvatustiede (opetus suomeksi), kasvatustieteiden maisteriohjelma, kasvatustieteen maisteri (2 v);Helsingin yliopisto;Kasvatustieteellinen tiedekunta;E;Maisterihaku, yleinen ja aikuiskasvatustiede (opetus suomeksi), kasvatustieteiden maisteriohjelma, kasvatustieteen maisteri (2 v) | Helsingin yliopisto;Maisterihaku, yleinen ja aikuiskasvatustiede (opetus suomeksi), kasvatustieteiden maisteriohjelma, kasvatustieteen maisteri (2 v) | Helsingin yliopisto;100.0;Maisterihaku, yleinen ja aikuiskasvatustiede (opetus suomeksi), kasvatustieteiden maisteriohjelma, kasvatustieteen maisteri (2 v) | Helsingin yliopisto;kasvatustieteet
1.2.246.562.20.00000000000000056400;Varhaiskasvatuksen opettaja (opetus suomeksi), kasvatustieteen kandidaatti (3 v);Helsingin yliopisto;Kasvatustieteellinen tiedekunta;E;Varhaiskasvatuksen opettaja (opetus suomeksi), kasvatustieteen kandidaatti (3 v) | Helsingin yliopisto;Varhaiskasvatuksen opettaja (opetus suomeksi), kasvatustieteen kandidaatti (3 v) | Helsingin yliopisto;100.0;Varhaiskasvatuksen opettaja (opetus suomeksi), kasvatustieteen kandidaatti (3 v) | Helsingin yliopisto;kasvatustieteet
1.2.246.562.20.00000000000000056402;Yleinen ja aikuiskasvatustiede (opetus suomeksi), kasvatustieteen kandidaatti ja maisteri (3 v + 2 v);Helsingin yliopisto;Kasvatustieteellinen tiedekunta;E;Yleinen ja aikuiskasvatustiede (opetus suomeksi), kasvatustieteen kandidaatti ja maisteri (3 v + 2 v) | Helsingin yliopisto;Yleinen ja aikuiskasvatustiede (opetus suomeksi), kasvatustieteen kandidaatti ja maisteri (3 v + 2 v) | Helsingin yliopisto;100.0;Yleinen ja aikuiskasvatustiede (opetus suomeksi), kasvatustieteen kandidaatti ja maisteri (3 v + 2 v) | Helsingin yliopisto;kasvatustieteet
1.2.246.562.20.00000000000000062303;Erityisluokanopettaja ja erityisopettaja, Joensuu, kasvatustieteen kandidaatti ja maisteri (3 v + 2 v);Itä-Suomen yliopisto;Filosofinen tiedekunta;E;Erityisluokanopettaja ja erityisopettaja, Joensuu, kasvatustieteen kandidaatti ja maisteri (3 v + 2 v) | Itä-Suomen yliopisto;Erityisluokanopettaja ja erityisopettaja, Joensuu, kasvatustieteen kandidaatti ja maisteri (3 v + 2 v) | Itä-Suomen yliopisto;100.0;Erityisluokanopettaja ja erityisopettaja, Joensuu, kasvatustieteen kandidaatti ja maisteri (3 v + 2 v) | Itä-Suomen yliopisto;kasvatustieteet
1.2.246.562.20.00000000000000062308;Erityisopettaja, Joensuu, kasvatustieteen kandidaatti ja maisteri (3 v + 2 v);Itä-Suomen yliopisto;Filosofinen tiedekunta;E;Erityisopettaja, Joensuu, kasvatustieteen kandidaatti ja maisteri (3 v + 2 v) | Itä-Suomen yliopisto;Erityisopettaja, Joensuu, kasvatustieteen kandidaatti ja maisteri (3 v + 2 v) | Itä-Suomen yliopisto;100.0;Erityisopettaja, Joensuu, kasvatustieteen kandidaatti ja maisteri (3 v + 2 v) | Itä-Suomen yliopisto;kasvatustieteet
1.2.246.562.20.00000000000000062332;Kasvatustiede ja aikuiskasvatustiede, Joensuu, kasvatustieteen kandidaatti ja maisteri (3 v + 2 v);Itä-Suomen yliopisto;Filosofinen tiedekunta;E;Kasvatustiede ja aikuiskasvatustiede, Joensuu, kasvatustieteen kandidaatti ja maisteri (3 v + 2 v) | Itä-Suomen yliopisto;Kasvatustiede ja aikuiskasvatustiede, Joensuu, kasvatustieteen kandidaatti ja maisteri (3 v + 2 v) | Itä-Suomen yliopisto;100.0;Kasvatustiede ja aikuiskasvatustiede, Joensuu, kasvatustieteen kandidaatti ja maisteri (3 v + 2 v) | Itä-Suomen yliopisto;kasvatustieteet
1.2.246.562.20.00000000000000062401;Kotitalousopettaja, Joensuu, kasvatustieteen kandidaatti ja maisteri (3 v + 2 v);Itä-Suomen yliopisto;Filosofinen tiedekunta;E;Kotitalousopettaja, Joensuu, kasvatustieteen kandidaatti ja maisteri (3 v + 2 v) | Itä-Suomen yliopisto;Kotitalousopettaja, Joensuu, kasvatustieteen kandidaatti ja maisteri (3 v + 2 v) | Itä-Suomen yliopisto;100.0;Kotitalousopettaja, Joensuu, kasvatustieteen kandidaatti ja maisteri (3 v + 2 v) | Itä-Suomen yliopisto;kasvatustieteet
1.2.246.562.20.00000000000000062406;Käsityönopettaja, monimateriaalinen käsityö, Joensuu, kasvatustieteen kandidaatti ja maisteri (3 v + 2 v);Itä-Suomen yliopisto;Filosofinen tiedekunta;E;Käsityönopettaja, monimateriaalinen käsityö, Joensuu, kasvatustieteen kandidaatti ja maisteri (3 v + 2 v) | Itä-Suomen yliopisto;Käsityönopettaja, Joensuu, kasvatustieteen kandidaatti ja maisteri (3 v + 2 v) | Itä-Suomen yliopisto;95.0;Käsityönopettaja, Joensuu, kasvatustieteen kandidaatti ja maisteri (3 v + 2 v) | Itä-Suomen yliopisto;kasvatustieteet
1.2.246.562.20.00000000000000062410;Luokanopettaja, Joensuu, kasvatustieteen kandidaatti ja maisteri (3 v + 2 v);Itä-Suomen yliopisto;Filosofinen tiedekunta;E;Luokanopettaja, Joensuu, kasvatustieteen kandidaatti ja maisteri (3 v + 2 v) | Itä-Suomen yliopisto;Luokanopettaja, Joensuu, kasvatustieteen kandidaatti ja maisteri (3 v + 2 v) | Itä-Suomen yliopisto;100.0;Luokanopettaja, Joensuu, kasvatustieteen kandidaatti ja maisteri (3 v + 2 v) | Itä-Suomen yliopisto;kasvatustieteet
1.2.246.562.20.00000000000000062412;Opinto-ohjaaja ja uraohjaaja, Joensuu, kasvatustieteen kandidaatti ja maisteri (3 v + 2 v);Itä-Suomen yliopisto;Filosofinen tiedekunta;E;Opinto-ohjaaja ja uraohjaaja, Joensuu, kasvatustieteen kandidaatti ja maisteri (3 v + 2 v) | Itä-Suomen yliopisto;Opinto-ohjaaja ja uraohjaaja, Joensuu, kasvatustieteen kandidaatti ja maisteri (3 v + 2 v) | Itä-Suomen yliopisto;100.0;Opinto-ohjaaja ja uraohjaaja, Joensuu, kasvatustieteen kandidaatti ja maisteri (3 v + 2 v) | Itä-Suomen yliopisto;kasvatustieteet
1.2.246.562.20.00000000000000062419;Varhaiskasvatuksen opettaja, Joensuu, kasvatustieteen kandidaatti (3 v);Itä-Suomen yliopisto;Filosofinen tiedekunta;E;Varhaiskasvatuksen opettaja, Joensuu, kasvatustieteen kandidaatti (3 v) | Itä-Suomen yliopisto;Varhaiskasvatuksen opettaja, Joensuu, kasvatustieteen kandidaatti (3 v) | Itä-Suomen yliopisto;100.0;Varhaiskasvatuksen opettaja, Joensuu, kasvatustieteen kandidaatti (3 v) | Itä-Suomen yliopisto;kasvatustieteet
1.2.246.562.20.00000000000000062417;Varhaiskasvatuksen opettaja, Joensuu, kasvatustieteen kandidaatti ja maisteri ( 3 v + 2 v);Itä-Suomen yliopisto;Filosofinen tiedekunta;E;Varhaiskasvatuksen opettaja, Joensuu, kasvatustieteen kandidaatti ja maisteri ( 3 v + 2 v) | Itä-Suomen yliopisto;Varhaiskasvatuksen opettaja, Joensuu, kasvatustieteen kandidaatti ja maisteri ( 3 v + 2 v) | Itä-Suomen yliopisto;100.0;Varhaiskasvatuksen opettaja, Joensuu, kasvatustieteen kandidaatti ja maisteri ( 3 v + 2 v) | Itä-Suomen yliopisto;kasvatustieteet
1.2.246.562.20.00000000000000064728;Erityispedagogiikan kandidaatti- ja maisteriohjelma (erityisopettaja ja erityisluokanopettaja), kasvatustieteen kandidaatti ja maisteri (3 v + 2 v);Jyväskylän yliopisto;Kasvatustieteiden ja psykologian tiedekunta;E;Erityispedagogiikan kandidaatti- ja maisteriohjelma (erityisopettaja ja erityisluokanopettaja), kasvatustieteen kandidaatti ja maisteri (3 v + 2 v) | Jyväskylän yliopisto;Erityispedagogiikan kandidaatti- ja maisteriohjelma (erityisopettaja ja erityisluokanopettaja), kasvatustieteen kandidaatti ja maisteri (3 v + 2 v) | Jyväskylän yliopisto;100.0;Erityispedagogiikan kandidaatti- ja maisteriohjelma (erityisopettaja ja erityisluokanopettaja), kasvatustieteen kandidaatti ja maisteri (3 v + 2 v) | Jyväskylän yliopisto;kasvatustieteet
1.2.246.562.20.00000000000000064741;Kasvatustieteen ja aikuiskasvatustieteen kandidaatti- ja maisteriohjelma, kasvatustieteen kandidaatti ja maisteri (3 v + 2 v);Jyväskylän yliopisto;Kasvatustieteiden ja psykologian tiedekunta;E;Kasvatustieteen ja aikuiskasvatustieteen kandidaatti- ja maisteriohjelma, kasvatustieteen kandidaatti ja maisteri (3 v + 2 v) | Jyväskylän yliopisto;Kasvatustieteen ja aikuiskasvatustieteen kandidaatti- ja maisteriohjelma, kasvatustieteen kandidaatti ja maisteri (3 v + 2 v) | Jyväskylän yliopisto;100.0;Kasvatustieteen ja aikuiskasvatustieteen kandidaatti- ja maisteriohjelma, kasvatustieteen kandidaatti ja maisteri (3 v + 2 v) | Jyväskylän yliopisto;kasvatustieteet
1.2.246.562.20.00000000000000064453;Luokanopettajan kandidaatti- ja maisteriohjelma, kasvatustieteen kandidaatti ja maisteri (3 v + 2 v);Jyväskylän yliopisto;Kasvatustieteiden ja psykologian tiedekunta;E;Luokanopettajan kandidaatti- ja maisteriohjelma, kasvatustieteen kandidaatti ja maisteri (3 v + 2 v) | Jyväskylän yliopisto;Luokanopettajan kandidaatti- ja maisteriohjelma, kasvatustieteen kandidaatti ja maisteri (3 v + 2 v) | Jyväskylän yliopisto;100.0;Luokanopettajan kandidaatti- ja maisteriohjelma, kasvatustieteen kandidaatti ja maisteri (3 v + 2 v) | Jyväskylän yliopisto;kasvatustieteet
1.2.246.562.20.00000000000000064739;Varhaiskasvatuksen opettajan kandidaattiohjelma ja varhaiskasvatuksen maisteriohjelma, kasvatustieteen kandidaatti ja maisteri (3 v + 2 v);Jyväskylän yliopisto;Kasvatustieteiden ja psykologian tiedekunta;E;Varhaiskasvatuksen opettajan kandidaattiohjelma ja varhaiskasvatuksen maisteriohjelma, kasvatustieteen kandidaatti ja maisteri (3 v + 2 v) | Jyväskylän yliopisto;Varhaiskasvatuksen opettajan kandidaattiohjelma ja varhaiskasvatuksen maisteriohjelma, kasvatustieteen kandidaatti ja maisteri (3 v + 2 v) | Jyväskylän yliopisto;100.0;Varhaiskasvatuksen opettajan kandidaattiohjelma ja varhaiskasvatuksen maisteriohjelma, kasvatustieteen kandidaatti ja maisteri (3 v + 2 v) | Jyväskylän yliopisto;kasvatustieteet
1.2.246.562.20.00000000000000064314;Liikuntapedagogiikan kandidaatti- ja maisteriohjelma, liikuntatieteiden kandidaatti ja maisteri (3 v + 2 v);Jyväskylän yliopisto;Liikuntatieteellinen tiedekunta;E;Liikuntapedagogiikan kandidaatti- ja maisteriohjelma, liikuntatieteiden kandidaatti ja maisteri (3 v + 2 v) | Jyväskylän yliopisto;Liikuntapedagogiikan kandidaatti- ja maisteriohjelma, liikuntatieteiden kandidaatti ja maisteri (3 v + 2 v) | Jyväskylän yliopisto;100.0;Liikuntapedagogiikan kandidaatti- ja maisteriohjelma, liikuntatieteiden kandidaatti ja maisteri (3 v + 2 v) | Jyväskylän yliopisto;liikuntapedagogiikka
1.2.246.562.20.00000000000000064343;Erityisopettajan kandidaatti- ja maisteriohjelma, kasvatustieteen kandidaatti ja maisteri (3 v + 2 v), 2025;Lapin yliopisto;Kasvatustieteiden tiedekunta;E;Erityisopettajan kandidaatti- ja maisteriohjelma, kasvatustieteen kandidaatti ja maisteri (3 v + 2 v), 2025 | Lapin yliopisto;Erityisopettajan kandidaatti- ja maisteriohjelma, kasvatustieteen kandidaatti ja maisteri (3 v + 2 v), 2026 | Lapin yliopisto;99.2;Erityisopettajan kandidaatti- ja maisteriohjelma, kasvatustieteen kandidaatti ja maisteri (3 v + 2 v), 2026 | Lapin yliopisto;kasvatustieteet
1.2.246.562.20.00000000000000064333;Kasvatusalan kandidaatti- ja maisteriohjelma, kasvatustieteen kandidaatti ja maisteri (3 v + 2 v), 2025;Lapin yliopisto;Kasvatustieteiden tiedekunta;E;Kasvatusalan kandidaatti- ja maisteriohjelma, kasvatustieteen kandidaatti ja maisteri (3 v + 2 v), 2025 | Lapin yliopisto;Kasvatusalan kandidaatti- ja maisteriohjelma, kasvatustieteen kandidaatti ja maisteri (3 v + 2 v), 2026 | Lapin yliopisto;99.17355371900827;Kasvatusalan kandidaatti- ja maisteriohjelma, kasvatustieteen kandidaatti ja maisteri (3 v + 2 v), 2026 | Lapin yliopisto;kasvatustieteet
1.2.246.562.20.00000000000000064334;Kestävyyskasvatuksen kandidaatti- ja maisteriohjelma, kasvatustieteen kandidaatti ja maisteri (3 v + 2 v), 2025;Lapin yliopisto;Kasvatustieteiden tiedekunta;E;Kestävyyskasvatuksen kandidaatti- ja maisteriohjelma, kasvatustieteen kandidaatti ja maisteri (3 v + 2 v), 2025 | Lapin yliopisto;Kestävyyskasvatuksen kandidaatti- ja maisteriohjelma, kasvatustieteen kandidaatti ja maisteri (3 v + 2 v), 2026 | Lapin yliopisto;99.2248062015504;Kestävyyskasvatuksen kandidaatti- ja maisteriohjelma, kasvatustieteen kandidaatti ja maisteri (3 v + 2 v), 2026 | Lapin yliopisto;kasvatustieteet
1.2.246.562.20.00000000000000064341;Luokanopettajan kandidaatti- ja maisteriohjelma, kasvatustieteen kandidaatti ja maisteri (3 v + 2 v), 2025;Lapin yliopisto;Kasvatustieteiden tiedekunta;E;Luokanopettajan kandidaatti- ja maisteriohjelma, kasvatustieteen kandidaatti ja maisteri (3 v + 2 v), 2025 | Lapin yliopisto;Luokanopettajan kandidaatti- ja maisteriohjelma, kasvatustieteen kandidaatti ja maisteri (3 v + 2 v), 2026 | Lapin yliopisto;99.19354838709677;Luokanopettajan kandidaatti- ja maisteriohjelma, kasvatustieteen kandidaatti ja maisteri (3 v + 2 v), 2026 | Lapin yliopisto;kasvatustieteet
1.2.246.562.20.00000000000000056056;Erityisopettaja ja erityisluokanopettaja, Erityispedagogiikan tutkinto-ohjelma, kasvatustieteen kandidaatti ja maisteri (3 v + 2 v);Oulun yliopisto;Kasvatustieteiden ja psykologian tiedekunta;E;Erityisopettaja ja erityisluokanopettaja, Erityispedagogiikan tutkinto-ohjelma, kasvatustieteen kandidaatti ja maisteri (3 v + 2 v) | Oulun yliopisto;Erityisopettaja ja erityisluokanopettaja, Erityispedagogiikan tutkinto-ohjelma, kasvatustieteen kandidaatti ja maisteri (3 v + 2 v) | Oulun yliopisto;100.0;Erityisopettaja ja erityisluokanopettaja, Erityispedagogiikan tutkinto-ohjelma, kasvatustieteen kandidaatti ja maisteri (3 v + 2 v) | Oulun yliopisto;kasvatustieteet
1.2.246.562.20.00000000000000062597;Interkulttuurinen luokanopettaja, Interkulttuurinen luokanopettajan tutkinto-ohjelma, kasvatustieteen kandidaatti ja maisteri (3 v + 2 v);Oulun yliopisto;Kasvatustieteiden ja psykologian tiedekunta;E;Interkulttuurinen luokanopettaja, Interkulttuurinen luokanopettajan tutkinto-ohjelma, kasvatustieteen kandidaatti ja maisteri (3 v + 2 v) | Oulun yliopisto;Interkulttuurinen luokanopettaja, Interkulttuurinen luokanopettajan tutkinto-ohjelma, kasvatustieteen kandidaatti ja maisteri (3 v + 2 v) | Oulun yliopisto;100.0;Interkulttuurinen luokanopettaja, Interkulttuurinen luokanopettajan tutkinto-ohjelma, kasvatustieteen kandidaatti ja maisteri (3 v + 2 v) | Oulun yliopisto;kasvatustieteet
1.2.246.562.20.00000000000000055892;Luokanopettaja, Luokanopettajan tutkinto-ohjelma, kasvatustieteen kandidaatti ja maisteri (3v+2v);Oulun yliopisto;Kasvatustieteiden ja psykologian tiedekunta;E;Luokanopettaja, Luokanopettajan tutkinto-ohjelma, kasvatustieteen kandidaatti ja maisteri (3v+2v) | Oulun yliopisto;Luokanopettaja, Luokanopettajan tutkinto-ohjelma, kasvatustieteen kandidaatti ja maisteri (3v+2v) | Oulun yliopisto;100.0;Luokanopettaja, Luokanopettajan tutkinto-ohjelma, kasvatustieteen kandidaatti ja maisteri (3v+2v) | Oulun yliopisto;kasvatustieteet
1.2.246.562.20.00000000000000055896;Musiikkikasvatus, Musiikkikasvatuksen tutkinto-ohjelma, kasvatustieteen kandidaatti ja maisteri (3 v + 2 v);Oulun yliopisto;Kasvatustieteiden ja psykologian tiedekunta;E;Musiikkikasvatus, Musiikkikasvatuksen tutkinto-ohjelma, kasvatustieteen kandidaatti ja maisteri (3 v + 2 v) | Oulun yliopisto;Musiikkikasvatus, Musiikkikasvatuksen tutkinto-ohjelma, kasvatustieteen kandidaatti ja maisteri (3 v + 2 v) | Oulun yliopisto;100.0;Musiikkikasvatus, Musiikkikasvatuksen tutkinto-ohjelma, kasvatustieteen kandidaatti ja maisteri (3 v + 2 v) | Oulun yliopisto;kasvatustieteet
1.2.246.562.20.00000000000000055897;Oppimistieteet, Oppimistieteiden tutkinto-ohjelma, kasvatustieteen kandidaatti ja maisteri (3 v + 2 v);Oulun yliopisto;Kasvatustieteiden ja psykologian tiedekunta;E;Oppimistieteet, Oppimistieteiden tutkinto-ohjelma, kasvatustieteen kandidaatti ja maisteri (3 v + 2 v) | Oulun yliopisto;Oppimistieteet, Oppimistieteiden tutkinto-ohjelma, kasvatustieteen kandidaatti ja maisteri (3 v + 2 v) | Oulun yliopisto;100.0;Oppimistieteet, Oppimistieteiden tutkinto-ohjelma, kasvatustieteen kandidaatti ja maisteri (3 v + 2 v) | Oulun yliopisto;kasvatustieteet
1.2.246.562.20.00000000000000055898;Varhaiskasvatus, Varhaiskasvatuksen tutkinto-ohjelma, kasvatustieteen kandidaatti ja maisteri (3v+2v);Oulun yliopisto;Kasvatustieteiden ja psykologian tiedekunta;E;Varhaiskasvatus, Varhaiskasvatuksen tutkinto-ohjelma, kasvatustieteen kandidaatti ja maisteri (3v+2v) | Oulun yliopisto;Varhaiskasvatus, Varhaiskasvatuksen tutkinto-ohjelma, kasvatustieteen kandidaatti ja maisteri (3v+2v) | Oulun yliopisto;100.0;Varhaiskasvatus, Varhaiskasvatuksen tutkinto-ohjelma, kasvatustieteen kandidaatti ja maisteri (3v+2v) | Oulun yliopisto;kasvatustieteet
1.2.246.562.20.00000000000000056073;Yleinen kasvatustiede, Yleisen kasvatustieteen tutkinto-ohjelma, kasvatustieteen kandidaatti ja maisteri (3 v + 2 v);Oulun yliopisto;Kasvatustieteiden ja psykologian tiedekunta;E;Yleinen kasvatustiede, Yleisen kasvatustieteen tutkinto-ohjelma, kasvatustieteen kandidaatti ja maisteri (3 v + 2 v) | Oulun yliopisto;Yleinen kasvatustiede, Yleisen kasvatustieteen tutkinto-ohjelma, kasvatustieteen kandidaatti ja maisteri (3 v + 2 v) | Oulun yliopisto;100.0;Yleinen kasvatustiede, Yleisen kasvatustieteen tutkinto-ohjelma, kasvatustieteen kandidaatti ja maisteri (3 v + 2 v) | Oulun yliopisto;kasvatustieteet
1.2.246.562.20.00000000000000063313;Elinikäinen oppiminen ja kasvatus, Kasvatustieteiden koulutus, Kasvatustieteen kandidaatti ja maisteri (3 v + 2 v);Tampereen yliopisto;Kasvatustieteiden ja kulttuurin tiedekunta;E;Elinikäinen oppiminen ja kasvatus, Kasvatustieteiden koulutus, Kasvatustieteen kandidaatti ja maisteri (3 v + 2 v) | Tampereen yliopisto;Elinikäinen oppiminen ja kasvatus, Kasvatustieteiden koulutus, Kasvatustieteen kandidaatti ja maisteri (3 v + 2 v) | Tampereen yliopisto;100.0;Elinikäinen oppiminen ja kasvatus, Kasvatustieteiden koulutus, Kasvatustieteen kandidaatti ja maisteri (3 v + 2 v) | Tampereen yliopisto;kasvatustieteet
1.2.246.562.20.00000000000000063315;Erityisopettaja, Kasvatustieteiden koulutus, Kasvatustieteen kandidaatti ja maisteri (3 v + 2 v);Tampereen yliopisto;Kasvatustieteiden ja kulttuurin tiedekunta;E;Erityisopettaja, Kasvatustieteiden koulutus, Kasvatustieteen kandidaatti ja maisteri (3 v + 2 v) | Tampereen yliopisto;Erityisopettaja, Kasvatustieteiden koulutus, Kasvatustieteen kandidaatti ja maisteri (3 v + 2 v) | Tampereen yliopisto;100.0;Erityisopettaja, Kasvatustieteiden koulutus, Kasvatustieteen kandidaatti ja maisteri (3 v + 2 v) | Tampereen yliopisto;kasvatustieteet
1.2.246.562.20.00000000000000063320;Luokanopettaja, Kasvatustieteiden koulutus, Kasvatustieteen kandidaatti ja maisteri (3 v + 2 v);Tampereen yliopisto;Kasvatustieteiden ja kulttuurin tiedekunta;E;Luokanopettaja, Kasvatustieteiden koulutus, Kasvatustieteen kandidaatti ja maisteri (3 v + 2 v) | Tampereen yliopisto;Luokanopettaja, Kasvatustieteiden koulutus, Kasvatustieteen kandidaatti ja maisteri (3 v + 2 v) | Tampereen yliopisto;100.0;Luokanopettaja, Kasvatustieteiden koulutus, Kasvatustieteen kandidaatti ja maisteri (3 v + 2 v) | Tampereen yliopisto;kasvatustieteet
1.2.246.562.20.00000000000000063321;Varhaiskasvatuksen opettaja, Kasvatustieteiden koulutus, Kasvatustieteen kandidaatti (3 v);Tampereen yliopisto;Kasvatustieteiden ja kulttuurin tiedekunta;E;Varhaiskasvatuksen opettaja, Kasvatustieteiden koulutus, Kasvatustieteen kandidaatti (3 v) | Tampereen yliopisto;Varhaiskasvatuksen opettaja, Kasvatustieteiden koulutus, Kasvatustieteen kandidaatti (3 v) | Tampereen yliopisto;100.0;Varhaiskasvatuksen opettaja, Kasvatustieteiden koulutus, Kasvatustieteen kandidaatti (3 v) | Tampereen yliopisto;kasvatustieteet
1.2.246.562.20.00000000000000056824;Erityisopettajan tutkinto-ohjelma, Turku, kasvatustieteen kandidaatti ja kasvatustieteen maisteri (3 v + 2 v);Turun yliopisto;Kasvatustieteiden tiedekunta;E;Erityisopettajan tutkinto-ohjelma, Turku, kasvatustieteen kandidaatti ja kasvatustieteen maisteri (3 v + 2 v) | Turun yliopisto;Erityisopettajan tutkinto-ohjelma, Turku, kasvatustieteen kandidaatti ja kasvatustieteen maisteri (3 v + 2 v) | Turun yliopisto;100.0;Erityisopettajan tutkinto-ohjelma, Turku, kasvatustieteen kandidaatti ja kasvatustieteen maisteri (3 v + 2 v) | Turun yliopisto;kasvatustieteet
1.2.246.562.20.00000000000000056825;Kasvatustieteiden tutkinto-ohjelma, Turku, kasvatustieteen kandidaatti ja kasvatustieteen maisteri (3 v + 2 v);Turun yliopisto;Kasvatustieteiden tiedekunta;E;Kasvatustieteiden tutkinto-ohjelma, Turku, kasvatustieteen kandidaatti ja kasvatustieteen maisteri (3 v + 2 v) | Turun yliopisto;Kasvatustieteiden tutkinto-ohjelma, Turku, kasvatustieteen kandidaatti ja kasvatustieteen maisteri (3 v + 2 v) | Turun yliopisto;100.0;Kasvatustieteiden tutkinto-ohjelma, Turku, kasvatustieteen kandidaatti ja kasvatustieteen maisteri (3 v + 2 v) | Turun yliopisto;kasvatustieteet
1.2.246.562.20.00000000000000056828;Luokanopettajan tutkinto-ohjelma, Turku, kasvatustieteen kandidaatti ja kasvatustieteen maisteri (3 v + 2 v);Turun yliopisto;Kasvatustieteiden tiedekunta;E;Luokanopettajan tutkinto-ohjelma, Turku, kasvatustieteen kandidaatti ja kasvatustieteen maisteri (3 v + 2 v) | Turun yliopisto;Luokanopettajan tutkinto-ohjelma, Turku, kasvatustieteen kandidaatti ja kasvatustieteen maisteri (3 v + 2 v) | Turun yliopisto;100.0;Luokanopettajan tutkinto-ohjelma, Turku, kasvatustieteen kandidaatti ja kasvatustieteen maisteri (3 v + 2 v) | Turun yliopisto;kasvatustieteet
1.2.246.562.20.00000000000000055092;Maisterihaku, kasvatustieteiden tutkinto-ohjelma, Turku, kasvatustieteen maisteri (2 v);Turun yliopisto;Kasvatustieteiden tiedekunta;E;Maisterihaku, kasvatustieteiden tutkinto-ohjelma, Turku, kasvatustieteen maisteri (2 v) | Turun yliopisto;Maisterihaku, kasvatustieteiden tutkinto-ohjelma, Turku, kasvatustieteen maisteri (2 v) | Turun yliopisto;100.0;Maisterihaku, kasvatustieteiden tutkinto-ohjelma, Turku, kasvatustieteen maisteri (2 v) | Turun yliopisto;kasvatustieteet
1.2.246.562.20.00000000000000055097;Maisterihaku, luokanopettajan tutkinto-ohjelma, Turku, kasvatustieteen maisteri (2 v);Turun yliopisto;Kasvatustieteiden tiedekunta;E;Maisterihaku, luokanopettajan tutkinto-ohjelma, Turku, kasvatustieteen maisteri (2 v) | Turun yliopisto;Maisterihaku, luokanopettajan tutkinto-ohjelma, Turku, kasvatustieteen maisteri (2 v) | Turun yliopisto;100.0;Maisterihaku, luokanopettajan tutkinto-ohjelma, Turku, kasvatustieteen maisteri (2 v) | Turun yliopisto;kasvatustieteet
1.2.246.562.20.00000000000000064222;Käsityön aineenopettajan tutkinto-ohjelma, Rauma, kasvatustieteen kandidaatti ja kasvatustieteen maisteri (3 v + 2 v);Turun yliopisto;Kasvatustieteiden tiedekunta;E;Käsityön aineenopettajan tutkinto-ohjelma, Rauma, kasvatustieteen kandidaatti ja kasvatustieteen maisteri (3 v + 2 v) | Turun yliopisto;Käsityön aineenopettajan tutkinto-ohjelma, Rauma, kasvatustieteen kandidaatti ja kasvatustieteen maisteri (3 v + 2 v) | Turun yliopisto;100.0;Käsityön aineenopettajan tutkinto-ohjelma, Rauma, kasvatustieteen kandidaatti ja kasvatustieteen maisteri (3 v + 2 v) | Turun yliopisto;kasvatustieteet
1.2.246.562.20.00000000000000056827;Luokanopettajan tutkinto-ohjelma, Rauma, kasvatustieteen kandidaatti ja kasvatustieteen maisteri (3 v + 2 v);Turun yliopisto;Kasvatustieteiden tiedekunta;E;Luokanopettajan tutkinto-ohjelma, Rauma, kasvatustieteen kandidaatti ja kasvatustieteen maisteri (3 v + 2 v) | Turun yliopisto;Luokanopettajan tutkinto-ohjelma, Rauma, kasvatustieteen kandidaatti ja kasvatustieteen maisteri (3 v + 2 v) | Turun yliopisto;100.0;Luokanopettajan tutkinto-ohjelma, Rauma, kasvatustieteen kandidaatti ja kasvatustieteen maisteri (3 v + 2 v) | Turun yliopisto;kasvatustieteet
1.2.246.562.20.00000000000000055094;Maisterihaku, kasvatustieteen (varhaiskasvatus) maisteriohjelma, Rauma, kasvatustieteen maisteri (2 v);Turun yliopisto;Kasvatustieteiden tiedekunta;E;Maisterihaku, kasvatustieteen (varhaiskasvatus) maisteriohjelma, Rauma, kasvatustieteen maisteri (2 v) | Turun yliopisto;Maisterihaku, kasvatustieteen (varhaiskasvatus) maisteriohjelma, Rauma, kasvatustieteen maisteri (2 v) | Turun yliopisto;100.0;Maisterihaku, kasvatustieteen (varhaiskasvatus) maisteriohjelma, Rauma, kasvatustieteen maisteri (2 v) | Turun yliopisto;kasvatustieteet
1.2.246.562.20.00000000000000055096;Maisterihaku, luokanopettajan tutkinto-ohjelma, Rauma, kasvatustieteen maisteri (2 v);Turun yliopisto;Kasvatustieteiden tiedekunta;E;Maisterihaku, luokanopettajan tutkinto-ohjelma, Rauma, kasvatustieteen maisteri (2 v) | Turun yliopisto;Maisterihaku, luokanopettajan tutkinto-ohjelma, Rauma, kasvatustieteen maisteri (2 v) | Turun yliopisto;100.0;Maisterihaku, luokanopettajan tutkinto-ohjelma, Rauma, kasvatustieteen maisteri (2 v) | Turun yliopisto;kasvatustieteet
1.2.246.562.20.00000000000000056829;Varhaiskasvatuksen opettajan tutkinto-ohjelma, Rauma, kasvatustieteen kandidaatti (3 v);Turun yliopisto;Kasvatustieteiden tiedekunta;E;Varhaiskasvatuksen opettajan tutkinto-ohjelma, Rauma, kasvatustieteen kandidaatti (3 v) | Turun yliopisto;Varhaiskasvatuksen opettajan tutkinto-ohjelma, Rauma, kasvatustieteen kandidaatti (3 v) | Turun yliopisto;100.0;Varhaiskasvatuksen opettajan tutkinto-ohjelma, Rauma, kasvatustieteen kandidaatti (3 v) | Turun yliopisto;kasvatustieteet
1.2.246.562.20.00000000000000059418;Varhaiskasvatuksen opettajan tutkinto-ohjelma, Rauma, kasvatustieteen kandidaatti ja maisteri (3 v + 2 v);Turun yliopisto;Kasvatustieteiden tiedekunta;E;Varhaiskasvatuksen opettajan tutkinto-ohjelma, Rauma, kasvatustieteen kandidaatti ja maisteri (3 v + 2 v) | Turun yliopisto;Varhaiskasvatuksen opettajan tutkinto-ohjelma, Rauma, kasvatustieteen kandidaatti ja maisteri (3 v + 2 v) | Turun yliopisto;100.0;Varhaiskasvatuksen opettajan tutkinto-ohjelma, Rauma, kasvatustieteen kandidaatti ja maisteri (3 v + 2 v) | Turun yliopisto;kasvatustieteet
1.2.246.562.20.00000000000000056189;Hushållsvetenskap: Utbildningsprogrammet för slöjdvetenskap och hushållsvetenskap (Vasa), pedagogie kandidat och pedagogie magister (3+2 år);Åbo Akademi;Fakulteten för pedagogik och välfärdsstudier;E;Hushållsvetenskap: Utbildningsprogrammet för slöjdvetenskap och hushållsvetenskap (Vasa), pedagogie kandidat och pedagogie magister (3+2 år) | Åbo Akademi;Hushållsvetenskap: Utbildningsprogrammet för slöjdvetenskap och hushållsvetenskap (Vasa), pedagogie kandidat och pedagogie magister (3+2 år) | Åbo Akademi;100.0;Hushållsvetenskap: Utbildningsprogrammet för slöjdvetenskap och hushållsvetenskap (Vasa), pedagogie kandidat och pedagogie magister (3+2 år) | Åbo Akademi;kasvatustieteet
1.2.246.562.20.00000000000000056191;Slöjdvetenskap: Utbildningsprogrammet för slöjdvetenskap och hushållsvetenskap (Vasa), pedagogie kandidat och pedagogie magister (3+2 år);Åbo Akademi;Fakulteten för pedagogik och välfärdsstudier;E;Slöjdvetenskap: Utbildningsprogrammet för slöjdvetenskap och hushållsvetenskap (Vasa), pedagogie kandidat och pedagogie magister (3+2 år) | Åbo Akademi;Slöjdvetenskap: Utbildningsprogrammet för slöjdvetenskap och hushållsvetenskap (Vasa), pedagogie kandidat och pedagogie magister (3+2 år) | Åbo Akademi;100.0;Slöjdvetenskap: Utbildningsprogrammet för slöjdvetenskap och hushållsvetenskap (Vasa), pedagogie kandidat och pedagogie magister (3+2 år) | Åbo Akademi;kasvatustieteet
1.2.246.562.20.00000000000000056192;Utbildningsprogrammet för klasslärare (Vasa), pedagogie kandidat och pedagogie magister (3+2 år);Åbo Akademi;Fakulteten för pedagogik och välfärdsstudier;E;Utbildningsprogrammet för klasslärare (Vasa), pedagogie kandidat och pedagogie magister (3+2 år) | Åbo Akademi;Utbildningsprogrammet för klasslärare (Vasa), pedagogie kandidat och pedagogie magister (3+2 år) | Åbo Akademi;100.0;Utbildningsprogrammet för klasslärare (Vasa), pedagogie kandidat och pedagogie magister (3+2 år) | Åbo Akademi;kasvatustieteet
1.2.246.562.20.00000000000000056193;Utbildningsprogrammet för lärare inom småbarnspedagogik (Vasa), pedagogie kandidat och pedagogie magister (3+2 år);Åbo Akademi;Fakulteten för pedagogik och välfärdsstudier;E;Utbildningsprogrammet för lärare inom småbarnspedagogik (Vasa), pedagogie kandidat och pedagogie magister (3+2 år) | Åbo Akademi;Utbildningsprogrammet för lärare inom småbarnspedagogik (Vasa), pedagogie kandidat och pedagogie magister (3+2 år) | Åbo Akademi;100.0;Utbildningsprogrammet för lärare inom småbarnspedagogik (Vasa), pedagogie kandidat och pedagogie magister (3+2 år) | Åbo Akademi;kasvatustieteet
1.2.246.562.20.00000000000000056194;Utbildningsprogrammet för pedagogiskt ledarskap och utvecklingsarbete (Vasa), pedagogie kandidat och pedagogie magister (3+2 år);Åbo Akademi;Fakulteten för pedagogik och välfärdsstudier;E;Utbildningsprogrammet för pedagogiskt ledarskap och utvecklingsarbete (Vasa), pedagogie kandidat och pedagogie magister (3+2 år) | Åbo Akademi;Utbildningsprogrammet för pedagogiskt ledarskap och utvecklingsarbete (Vasa), pedagogie kandidat och pedagogie magister (3+2 år) | Åbo Akademi;100.0;Utbildningsprogrammet för pedagogiskt ledarskap och utvecklingsarbete (Vasa), pedagogie kandidat och pedagogie magister (3+2 år) | Åbo Akademi;kasvatustieteet
1.2.246.562.20.00000000000000056195;Utbildningsprogrammet för speciallärare (Vasa), pedagogie kandidat och pedagogie magister (3+2 år);Åbo Akademi;Fakulteten för pedagogik och välfärdsstudier;E;Utbildningsprogrammet för speciallärare (Vasa), pedagogie kandidat och pedagogie magister (3+2 år) | Åbo Akademi;Utbildningsprogrammet för speciallärare (Vasa), pedagogie kandidat och pedagogie magister (3+2 år) | Åbo Akademi;100.0;Utbildningsprogrammet för speciallärare (Vasa), pedagogie kandidat och pedagogie magister (3+2 år) | Åbo Akademi;kasvatustieteet
1.2.246.562.20.00000000000000056065;Kauppatieteet, kauppatieteiden kandidaatti ja maisteri (3 v + 2 v) (Kauppatieteellisen alan yhteisvalinta);Aalto-yliopisto;Kauppakorkeakoulu;F;Kauppatieteet, kauppatieteiden kandidaatti ja maisteri (3 v + 2 v) (Kauppatieteellisen alan yhteisvalinta) | Aalto-yliopisto;Kauppatieteet, kauppatieteiden kandidaatti ja maisteri (3 v + 2 v) (Kauppatieteellisen alan valintayhteistyö) | Aalto-yliopisto;94.02390438247012;Kauppatieteet, kauppatieteiden kandidaatti ja maisteri (3 v + 2 v) (Kauppatieteellisen alan valintayhteistyö) | Aalto-yliopisto;kauppatiede
1.2.246.562.20.00000000000000056417;Ympäristö- ja elintarviketalouden kandiohjelma, maatalous- ja metsätieteiden kandidaatti ja maisteri tai elintarviketieteiden kandidaatti ja maisteri (3 v + 2 v);Helsingin yliopisto;Maatalous-metsätieteellinen tiedekunta;F;Ympäristö- ja elintarviketalouden kandiohjelma, maatalous- ja metsätieteiden kandidaatti ja maisteri tai elintarviketieteiden kandidaatti ja maisteri (3 v + 2 v) | Helsingin yliopisto;Elintarviketalouden ja kulutuksen kandiohjelma, elintarviketieteiden kandidaatti ja maisteri tai maatalous- ja metsätieteiden kandidaatti ja maisteri (3 v + 2 v) | Helsingin yliopisto;87.54901960784314;Elintarviketalouden ja kulutuksen kandiohjelma, elintarviketieteiden kandidaatti ja maisteri tai maatalous- ja metsätieteiden kandidaatti ja maisteri (3 v + 2 v) | Helsingin yliopisto;taloustiede
1.2.246.562.20.00000000000000056434;Taloustieteen kandiohjelma, valtiotieteiden kandidaatti ja maisteri (3 v + 2 v);Helsingin yliopisto;Valtiotieteellinen tiedekunta;F;Taloustieteen kandiohjelma, valtiotieteiden kandidaatti ja maisteri (3 v + 2 v) | Helsingin yliopisto;Taloustieteen kandiohjelma, valtiotieteiden kandidaatti ja maisteri (3 v + 2 v) | Helsingin yliopisto;100.0;Taloustieteen kandiohjelma, valtiotieteiden kandidaatti ja maisteri (3 v + 2 v) | Helsingin yliopisto;taloustiede
1.2.246.562.20.00000000000000062564;Kauppatieteet, Joensuu, kauppatieteiden kandidaatti ja maisteri (3 v + 2 v) (Kauppatieteellisen alan yhteisvalinta);Itä-Suomen yliopisto;Yhteiskuntatieteiden ja kauppatieteiden tiedekunta;F;Kauppatieteet, Joensuu, kauppatieteiden kandidaatti ja maisteri (3 v + 2 v) (Kauppatieteellisen alan yhteisvalinta) | Itä-Suomen yliopisto;Kauppatieteet, Joensuu, kauppatieteiden kandidaatti ja maisteri (3 v + 2 v) (Kauppatieteellisen alan valintayhteistyö) | Itä-Suomen yliopisto;94.6236559139785;Kauppatieteet, Joensuu, kauppatieteiden kandidaatti ja maisteri (3 v + 2 v) (Kauppatieteellisen alan valintayhteistyö) | Itä-Suomen yliopisto;kauppatiede
1.2.246.562.20.00000000000000062568;Liiketaloustiede ja tietojenkäsittelytiede, Joensuu, kauppatieteiden kandidaatti ja filosofian maisteri (3 v + 2 v);Itä-Suomen yliopisto;Yhteiskuntatieteiden ja kauppatieteiden tiedekunta;F;Liiketaloustiede ja tietojenkäsittelytiede, Joensuu, kauppatieteiden kandidaatti ja filosofian maisteri (3 v + 2 v) | Itä-Suomen yliopisto;Liiketaloustiede ja tietojenkäsittelytiede, Joensuu, kauppatieteiden kandidaatti ja filosofian maisteri (3 v + 2 v) | Itä-Suomen yliopisto;100.0;Liiketaloustiede ja tietojenkäsittelytiede, Joensuu, kauppatieteiden kandidaatti ja filosofian maisteri (3 v + 2 v) | Itä-Suomen yliopisto;tietojärjestelmätiede
1.2.246.562.20.00000000000000062565;Kauppatieteet, Kuopio, kauppatieteiden kandidaatti ja maisteri (3 v + 2 v) (Kauppatieteellisen alan yhteisvalinta);Itä-Suomen yliopisto;Yhteiskuntatieteiden ja kauppatieteiden tiedekunta;F;Kauppatieteet, Kuopio, kauppatieteiden kandidaatti ja maisteri (3 v + 2 v) (Kauppatieteellisen alan yhteisvalinta) | Itä-Suomen yliopisto;Kauppatieteet, Kuopio, kauppatieteiden kandidaatti ja maisteri (3 v + 2 v) (Kauppatieteellisen alan valintayhteistyö) | Itä-Suomen yliopisto;94.58483754512635;Kauppatieteet, Kuopio, kauppatieteiden kandidaatti ja maisteri (3 v + 2 v) (Kauppatieteellisen alan valintayhteistyö) | Itä-Suomen yliopisto;kauppatiede
1.2.246.562.20.00000000000000062569;Liiketaloustiede ja tietojenkäsittelytiede, Kuopio, kauppatieteiden kandidaatti ja filosofian maisteri (3 v + 2 v);Itä-Suomen yliopisto;Yhteiskuntatieteiden ja kauppatieteiden tiedekunta;F;Liiketaloustiede ja tietojenkäsittelytiede, Kuopio, kauppatieteiden kandidaatti ja filosofian maisteri (3 v + 2 v) | Itä-Suomen yliopisto;Liiketaloustiede ja tietojenkäsittelytiede, Kuopio, kauppatieteiden kandidaatti ja filosofian maisteri (3 v + 2 v) | Itä-Suomen yliopisto;100.0;Liiketaloustiede ja tietojenkäsittelytiede, Kuopio, kauppatieteiden kandidaatti ja filosofian maisteri (3 v + 2 v) | Itä-Suomen yliopisto;tietojärjestelmätiede
1.2.246.562.20.00000000000000062706;Taloustiede, Kuopio, yhteiskuntatieteiden kandidaatti (3 v);Itä-Suomen yliopisto;Yhteiskuntatieteiden ja kauppatieteiden tiedekunta;F;Taloustiede, Kuopio, yhteiskuntatieteiden kandidaatti (3 v) | Itä-Suomen yliopisto;Taloustiede, Kuopio, yhteiskuntatieteiden kandidaatti (3 v) | Itä-Suomen yliopisto;100.0;Taloustiede, Kuopio, yhteiskuntatieteiden kandidaatti (3 v) | Itä-Suomen yliopisto;taloustiede
1.2.246.562.20.00000000000000064112;Tietojärjestelmätieteen kandidaatti- ja maisteriohjelma, kauppatieteiden kandidaatti ja maisteri (3 v+ 2 v);Jyväskylän yliopisto;Informaatioteknologian tiedekunta;F;Tietojärjestelmätieteen kandidaatti- ja maisteriohjelma, kauppatieteiden kandidaatti ja maisteri (3 v+ 2 v) | Jyväskylän yliopisto;Tietojärjestelmätieteen kandidaatti- ja maisteriohjelma, kauppatieteiden kandidaatti ja maisteri (3 v+ 2 v) | Jyväskylän yliopisto;100.0;Tietojärjestelmätieteen kandidaatti- ja maisteriohjelma, kauppatieteiden kandidaatti ja maisteri (3 v+ 2 v) | Jyväskylän yliopisto;tietojärjestelmätiede
1.2.246.562.20.00000000000000063133;Kauppatieteiden kandidaatti- ja maisteriohjelma, kauppatieteiden kandidaatti ja maisteri (3 v + 2 v) (Kauppatieteellisen alan yhteisvalinta);Jyväskylän yliopisto;Jyväskylän yliopiston kauppakorkeakoulu (JSBE);F;Kauppatieteiden kandidaatti- ja maisteriohjelma, kauppatieteiden kandidaatti ja maisteri (3 v + 2 v) (Kauppatieteellisen alan yhteisvalinta) | Jyväskylän yliopisto;Kauppatieteiden kandidaatti- ja maisteriohjelma, kauppatieteiden kandidaatti ja maisteri (3 v + 2 v) (Kauppatieteellisen alan valintayhteistyö) | Jyväskylän yliopisto;95.44072948328267;Kauppatieteiden kandidaatti- ja maisteriohjelma, kauppatieteiden kandidaatti ja maisteri (3 v + 2 v) (Kauppatieteellisen alan valintayhteistyö) | Jyväskylän yliopisto;kauppatiede
1.2.246.562.20.00000000000000063134;Taloustieteen kandidaatti- ja maisteriohjelma, kauppatieteiden kandidaatti ja maisteri (3 v + 2 v) (Kauppatieteellisen alan yhteisvalinta);Jyväskylän yliopisto;Jyväskylän yliopiston kauppakorkeakoulu (JSBE);F;Taloustieteen kandidaatti- ja maisteriohjelma, kauppatieteiden kandidaatti ja maisteri (3 v + 2 v) (Kauppatieteellisen alan yhteisvalinta) | Jyväskylän yliopisto;Taloustieteen kandidaatti- ja maisteriohjelma, kauppatieteiden kandidaatti ja maisteri (3 v + 2 v) (Kauppatieteellisen alan valintayhteistyö) | Jyväskylän yliopisto;95.38461538461537;Taloustieteen kandidaatti- ja maisteriohjelma, kauppatieteiden kandidaatti ja maisteri (3 v + 2 v) (Kauppatieteellisen alan valintayhteistyö) | Jyväskylän yliopisto;taloustiede
1.2.246.562.20.00000000000000064045;Kauppatieteet, kauppatieteiden kandidaatti ja maisteri, (3 v + 2 v), Kauppatieteellisen alan yhteisvalinta;Lappeenrannan-Lahden teknillinen yliopisto LUT;LUT-yliopisto;F;Kauppatieteet, kauppatieteiden kandidaatti ja maisteri, (3 v + 2 v), Kauppatieteellisen alan yhteisvalinta | Lappeenrannan-Lahden teknillinen yliopisto LUT;Kauppatieteet, kauppatieteiden kandidaatti ja maisteri (3 v + 2 v), Kauppatieteellisen alan valintayhteistyö | Lappeenrannan-Lahden teknillinen yliopisto LUT;94.87179487179486;Kauppatieteet, kauppatieteiden kandidaatti ja maisteri (3 v + 2 v), Kauppatieteellisen alan valintayhteistyö | Lappeenrannan-Lahden teknillinen yliopisto LUT;kauppatiede
1.2.246.562.20.00000000000000056015;Kauppatieteet, kauppatieteiden kandidaatti ja maisteri (3v + 2v) (Kauppatieteellisen alan yhteisvalinta);Oulun yliopisto;Kauppakorkeakoulu;F;Kauppatieteet, kauppatieteiden kandidaatti ja maisteri (3v + 2v) (Kauppatieteellisen alan yhteisvalinta) | Oulun yliopisto;Kauppatieteet, kauppatieteiden kandidaatti ja maisteri (3 v + 2 v) (Kauppatieteellisen alan valintayhteistyö) | Oulun yliopisto;93.17269076305222;Kauppatieteet, kauppatieteiden kandidaatti ja maisteri (3 v + 2 v) (Kauppatieteellisen alan valintayhteistyö) | Oulun yliopisto;kauppatiede
1.2.246.562.20.00000000000000061788;Ekonomi, ekonomie kandidat och ekonomie magister (3 år + 2 år), Helsingfors;Svenska handelshögskolan;Hanken Helsingfors;F;Ekonomi, ekonomie kandidat och ekonomie magister (3 år + 2 år), Helsingfors | Svenska handelshögskolan;Ekonomi, ekonomie kandidat och ekonomie magister (3 år + 2 år), Helsingfors | Svenska handelshögskolan;100.0;Ekonomi, ekonomie kandidat och ekonomie magister (3 år + 2 år), Helsingfors | Svenska handelshögskolan;kauppatiede
1.2.246.562.20.00000000000000063757;Ekonomi, ekonomie kandidat och ekonomie magister (3 år + 2 år), Vasa;Svenska handelshögskolan;Hanken Vasa;F;Ekonomi, ekonomie kandidat och ekonomie magister (3 år + 2 år), Vasa | Svenska handelshögskolan;Ekonomi, ekonomie kandidat och ekonomie magister (3 år + 2 år), Vasa | Svenska handelshögskolan;100.0;Ekonomi, ekonomie kandidat och ekonomie magister (3 år + 2 år), Vasa | Svenska handelshögskolan;kauppatiede
1.2.246.562.20.00000000000000063480;Kauppatieteiden koulutus (Kauppatieteellisen alan yhteisvalinta), Kauppatieteiden kandidaatti ja maisteri (3 v + 2 v);Tampereen yliopisto;Johtamisen ja talouden tiedekunta;F;Kauppatieteiden koulutus (Kauppatieteellisen alan yhteisvalinta), Kauppatieteiden kandidaatti ja maisteri (3 v + 2 v) | Tampereen yliopisto;Kauppatieteiden koulutus (Kauppatieteellisen alan valintayhteistyö), Kauppatieteiden kandidaatti ja maisteri (3 v + 2 v) | Tampereen yliopisto;94.66192170818505;Kauppatieteiden koulutus (Kauppatieteellisen alan valintayhteistyö), Kauppatieteiden kandidaatti ja maisteri (3 v + 2 v) | Tampereen yliopisto;kauppatiede
1.2.246.562.20.00000000000000056834;Kauppatieteet, Turku, kauppatieteiden kandidaatti ja kauppatieteiden maisteri (3 v + 2 v), Kauppatieteellisen alan yhteisvalinta;Turun yliopisto;Turun kauppakorkeakoulu;F;Kauppatieteet, Turku, kauppatieteiden kandidaatti ja kauppatieteiden maisteri (3 v + 2 v), Kauppatieteellisen alan yhteisvalinta | Turun yliopisto;Kauppatieteet, Turku, kauppatieteiden kandidaatti ja kauppatieteiden maisteri (3 v + 2 v), Kauppatieteellisen alan valintayhteistyö | Turun yliopisto;94.91525423728814;Kauppatieteet, Turku, kauppatieteiden kandidaatti ja kauppatieteiden maisteri (3 v + 2 v), Kauppatieteellisen alan valintayhteistyö | Turun yliopisto;kauppatiede
1.2.246.562.20.00000000000000056687;Taloustiede, valtiotieteiden kandidaatti ja valtiotieteiden maisteri (3 v + 2 v);Turun yliopisto;Turun kauppakorkeakoulu;F;Taloustiede, valtiotieteiden kandidaatti ja valtiotieteiden maisteri (3 v + 2 v) | Turun yliopisto;Taloustiede, valtiotieteiden kandidaatti ja valtiotieteiden maisteri (3 v + 2 v) | Turun yliopisto;100.0;Taloustiede, valtiotieteiden kandidaatti ja valtiotieteiden maisteri (3 v + 2 v) | Turun yliopisto;taloustiede
1.2.246.562.20.00000000000000056835;Kauppatieteet, Pori, kauppatieteiden kandidaatti ja kauppatieteiden maisteri (3 v + 2 v), Kauppatieteellisen alan yhteisvalinta;Turun yliopisto;Turun kauppakorkeakoulu;F;Kauppatieteet, Pori, kauppatieteiden kandidaatti ja kauppatieteiden maisteri (3 v + 2 v), Kauppatieteellisen alan yhteisvalinta | Turun yliopisto;Kauppatieteet, Pori, kauppatieteiden kandidaatti ja kauppatieteiden maisteri (3 v + 2 v), Kauppatieteellisen alan valintayhteistyö | Turun yliopisto;94.88054607508532;Kauppatieteet, Pori, kauppatieteiden kandidaatti ja kauppatieteiden maisteri (3 v + 2 v), Kauppatieteellisen alan valintayhteistyö | Turun yliopisto;kauppatiede
1.2.246.562.20.00000000000000064359;Kauppatieteet, kauppatieteiden kandidaatti ja maisteri (3 v + 2 v) (Kauppatieteellisen alan yhteisvalinta) 2025;Vaasan yliopisto;Kauppatieteellinen ala;F;Kauppatieteet, kauppatieteiden kandidaatti ja maisteri (3 v + 2 v) (Kauppatieteellisen alan yhteisvalinta) 2025 | Vaasan yliopisto;Kauppatieteet, kauppatieteiden kandidaatti ja maisteri (3 v + 2 v) (Kauppatieteellisen alan valintayhteistyö) | Vaasan yliopisto;92.24806201550388;Kauppatieteet, kauppatieteiden kandidaatti ja maisteri (3 v + 2 v) (Kauppatieteellisen alan valintayhteistyö) | Vaasan yliopisto;kauppatiede
1.2.246.562.20.00000000000000064240;Tuotantotalous ja tietojärjestelmätiede, kauppatieteiden kandidaatti ja maisteri (3 v + 2 v) 2025;Vaasan yliopisto;Tekniikan ja innovaatiojohtamisen yksikkö;F;Tuotantotalous ja tietojärjestelmätiede, kauppatieteiden kandidaatti ja maisteri (3 v + 2 v) 2025 | Vaasan yliopisto;Rakennus- ja yhdyskuntatekniikka, Rakennus- ja yhdyskuntatekniikan tutkinto-ohjelma, tekniikan kandidaatti ja diplomi-insinööri (3 v + 2 v), DIA-valintayhteistyö | Oulun yliopisto;85.5;Rakennus- ja yhdyskuntatekniikka, Rakennus- ja yhdyskuntatekniikan tutkinto-ohjelma, tekniikan kandidaatti ja diplomi-insinööri (3 v + 2 v), DIA-valintayhteistyö | Oulun yliopisto;tietojärjestelmätiede
1.2.246.562.20.00000000000000056202;Utbildningsprogrammet i ekonomi (Åbo), ekonomie kandidat och ekonomie magister (3+2 år);Åbo Akademi;Yhteiskuntatieteiden;F;Utbildningsprogrammet i ekonomi (Åbo), ekonomie kandidat och ekonomie magister (3+2 år) | Åbo Akademi;Utbildningsprogrammet i ekonomi (Åbo), ekonomie kandidat och ekonomie magister (3+2 år) | Åbo Akademi;100.0;Utbildningsprogrammet i ekonomi (Åbo), ekonomie kandidat och ekonomie magister (3+2 år) | Åbo Akademi;kauppatiede
1.2.246.562.20.00000000000000056428;Oikeusnotaarin koulutusohjelma (opetus Helsingissä suomeksi), oikeusnotaari ja oikeustieteen maisteri (3 v + 2 v);Helsingin yliopisto;Oikeustieteellinen tiedekunta;G;Oikeusnotaarin koulutusohjelma (opetus Helsingissä suomeksi), oikeusnotaari ja oikeustieteen maisteri (3 v + 2 v) | Helsingin yliopisto;Oikeusnotaarin koulutusohjelma (opetus Helsingissä suomeksi), oikeusnotaari ja oikeustieteen maisteri (3 v + 2 v) | Helsingin yliopisto;100.0;Oikeusnotaarin koulutusohjelma (opetus Helsingissä suomeksi), oikeusnotaari ja oikeustieteen maisteri (3 v + 2 v) | Helsingin yliopisto;oikeustieteet
1.2.246.562.20.00000000000000056429;Utbildningsprogrammet för rättsnotarie (undervisning i Helsingfors på svenska), rättsnotarie och juris magister (3 år + 2 år);Helsingin yliopisto;Oikeustieteellinen tiedekunta;G;Utbildningsprogrammet för rättsnotarie (undervisning i Helsingfors på svenska), rättsnotarie och juris magister (3 år + 2 år) | Helsingin yliopisto;Utbildningsprogrammet för rättsnotarie (undervisning i Helsingfors på svenska), rättsnotarie och juris magister (3 år + 2 år) | Helsingin yliopisto;100.0;Utbildningsprogrammet för rättsnotarie (undervisning i Helsingfors på svenska), rättsnotarie och juris magister (3 år + 2 år) | Helsingin yliopisto;oikeustieteet
1.2.246.562.20.00000000000000056430;Oikeusnotaarin koulutusohjelma, opetus Vaasassa suomeksi ja ruotsiksi (suomen kielen taitoisille hakijoille), oikeusnotaari ja oikeustieteen maisteri (3 v + 2 v);Helsingin yliopisto;Oikeustieteellinen tiedekunta;G;Oikeusnotaarin koulutusohjelma, opetus Vaasassa suomeksi ja ruotsiksi (suomen kielen taitoisille hakijoille), oikeusnotaari ja oikeustieteen maisteri (3 v + 2 v) | Helsingin yliopisto;Oikeusnotaarin koulutusohjelma, opetus Vaasassa suomeksi ja ruotsiksi (suomen kielen taitoisille hakijoille), oikeusnotaari ja oikeustieteen maisteri (3 v + 2 v) | Helsingin yliopisto;100.0;Oikeusnotaarin koulutusohjelma, opetus Vaasassa suomeksi ja ruotsiksi (suomen kielen taitoisille hakijoille), oikeusnotaari ja oikeustieteen maisteri (3 v + 2 v) | Helsingin yliopisto;oikeustieteet
1.2.246.562.20.00000000000000056431;Utbildningsprogrammet för rättsnotarie, undervisning i Vasa på svenska och finska (för sökande med kunskaper i svenska), rättsnotarie och juris magister (3 år + 2 år);Helsingin yliopisto;Oikeustieteellinen tiedekunta;G;Utbildningsprogrammet för rättsnotarie, undervisning i Vasa på svenska och finska (för sökande med kunskaper i svenska), rättsnotarie och juris magister (3 år + 2 år) | Helsingin yliopisto;Utbildningsprogrammet för rättsnotarie, undervisning i Vasa på svenska och finska (för sökande med kunskaper i svenska), rättsnotarie och juris magister (3 år + 2 år) | Helsingin yliopisto;100.0;Utbildningsprogrammet för rättsnotarie, undervisning i Vasa på svenska och finska (för sökande med kunskaper i svenska), rättsnotarie och juris magister (3 år + 2 år) | Helsingin yliopisto;oikeustieteet
1.2.246.562.20.00000000000000056436;Kandidatprogrammet i samhällsvetenskaper (avläggs på svenska), journalistik och kommunikation, rättsvetenskap, socialpsykologi, sociologi, statskunskap med förvaltning, politices kandidat (3 år + 2 år);Helsingin yliopisto;Svenska social- och kommunalhögskolan vid Helsingfors universitet;G;Kandidatprogrammet i samhällsvetenskaper (avläggs på svenska), journalistik och kommunikation, rättsvetenskap, socialpsykologi, sociologi, statskunskap med förvaltning, politices kandidat (3 år + 2 år) | Helsingin yliopisto;Kandidatprogrammet i samhällsvetenskaper (avläggs på svenska), journalistik och kommunikation, rättsvetenskap, socialpsykologi, sociologi, statskunskap med förvaltning, politices kandidat (3 år + 2 år) | Helsingin yliopisto;100.0;Kandidatprogrammet i samhällsvetenskaper (avläggs på svenska), journalistik och kommunikation, rättsvetenskap, socialpsykologi, sociologi, statskunskap med förvaltning, politices kandidat (3 år + 2 år) | Helsingin yliopisto;yhteiskuntatieteet
1.2.246.562.20.00000000000000056437;Socialt arbete, kandidatprogrammet i samhällsvetenskaper (avläggs på svenska), politices kandidat (3 år + 2 år);Helsingin yliopisto;Svenska social- och kommunalhögskolan vid Helsingfors universitet;G;Socialt arbete, kandidatprogrammet i samhällsvetenskaper (avläggs på svenska), politices kandidat (3 år + 2 år) | Helsingin yliopisto;Socialt arbete, kandidatprogrammet i samhällsvetenskaper (avläggs på svenska), politices kandidat (3 år + 2 år) | Helsingin yliopisto;100.0;Socialt arbete, kandidatprogrammet i samhällsvetenskaper (avläggs på svenska), politices kandidat (3 år + 2 år) | Helsingin yliopisto;sosiaalitieteet
1.2.246.562.20.00000000000000056433;Politiikan ja viestinnän kandiohjelma, valtiotieteiden kandidaatti ja maisteri (3 v + 2 v);Helsingin yliopisto;Valtiotieteellinen tiedekunta;G;Politiikan ja viestinnän kandiohjelma, valtiotieteiden kandidaatti ja maisteri (3 v + 2 v) | Helsingin yliopisto;Politiikan ja viestinnän kandiohjelma, valtiotieteiden kandidaatti ja maisteri (3 v + 2 v) | Helsingin yliopisto;100.0;Politiikan ja viestinnän kandiohjelma, valtiotieteiden kandidaatti ja maisteri (3 v + 2 v) | Helsingin yliopisto;yhteiskuntatieteet
1.2.246.562.20.00000000000000056438;Sosiaalipsykologia, sosiologia ja yhteiskuntapolitiikka, sosiaalitieteiden kandiohjelma, valtiotieteiden kandidaatti ja maisteri (3 v + 2 v);Helsingin yliopisto;Valtiotieteellinen tiedekunta;G;Sosiaalipsykologia, sosiologia ja yhteiskuntapolitiikka, sosiaalitieteiden kandiohjelma, valtiotieteiden kandidaatti ja maisteri (3 v + 2 v) | Helsingin yliopisto;Kriminologia, sosiaalipsykologia, sosiologia ja yhteiskuntapolitiikka, sosiaalitieteiden kandiohjelma, valtiotieteiden kandidaatti ja maisteri (3 v + 2 v) | Helsingin yliopisto;95.26627218934911;Kriminologia, sosiaalipsykologia, sosiologia ja yhteiskuntapolitiikka, sosiaalitieteiden kandiohjelma, valtiotieteiden kandidaatti ja maisteri (3 v + 2 v) | Helsingin yliopisto;sosiaalitieteet
1.2.246.562.20.00000000000000056439;Sosiaalityö, sosiaalitieteiden kandiohjelma, valtiotieteiden kandidaatti ja maisteri (3 v + 2 v);Helsingin yliopisto;Valtiotieteellinen tiedekunta;G;Sosiaalityö, sosiaalitieteiden kandiohjelma, valtiotieteiden kandidaatti ja maisteri (3 v + 2 v) | Helsingin yliopisto;Sosiaalityö, sosiaalitieteiden kandiohjelma, valtiotieteiden kandidaatti ja maisteri (3 v + 2 v) | Helsingin yliopisto;100.0;Sosiaalityö, sosiaalitieteiden kandiohjelma, valtiotieteiden kandidaatti ja maisteri (3 v + 2 v) | Helsingin yliopisto;sosiaalitieteet
1.2.246.562.20.00000000000000056435;Yhteiskunnallisen muutoksen kandiohjelma, valtiotieteiden kandidaatti ja maisteri (3 v + 2 v);Helsingin yliopisto;Valtiotieteellinen tiedekunta;G;Yhteiskunnallisen muutoksen kandiohjelma, valtiotieteiden kandidaatti ja maisteri (3 v + 2 v) | Helsingin yliopisto;Yhteiskunnallisen muutoksen kandiohjelma, valtiotieteiden kandidaatti ja maisteri (3 v + 2 v) | Helsingin yliopisto;100.0;Yhteiskunnallisen muutoksen kandiohjelma, valtiotieteiden kandidaatti ja maisteri (3 v + 2 v) | Helsingin yliopisto;yhteiskuntatieteet
1.2.246.562.20.00000000000000062624;Julkisoikeus, Joensuu, hallintotieteiden kandidaatti ja maisteri (3 v + 2 v);Itä-Suomen yliopisto;Yhteiskuntatieteiden ja kauppatieteiden tiedekunta;G;Julkisoikeus, Joensuu, hallintotieteiden kandidaatti ja maisteri (3 v + 2 v) | Itä-Suomen yliopisto;Julkisoikeus, Joensuu, hallintotieteiden kandidaatti ja maisteri (3 v + 2 v) | Itä-Suomen yliopisto;100.0;Julkisoikeus, Joensuu, hallintotieteiden kandidaatti ja maisteri (3 v + 2 v) | Itä-Suomen yliopisto;hallintotieteet
1.2.246.562.20.00000000000000062632;Oikeustiede, Joensuu, oikeusnotaari ja oikeustieteen maisteri (3 v + 2 v);Itä-Suomen yliopisto;Yhteiskuntatieteiden ja kauppatieteiden tiedekunta;G;Oikeustiede, Joensuu, oikeusnotaari ja oikeustieteen maisteri (3 v + 2 v) | Itä-Suomen yliopisto;Oikeustiede, Joensuu, oikeusnotaari ja oikeustieteen maisteri (3 v + 2 v) | Itä-Suomen yliopisto;100.0;Oikeustiede, Joensuu, oikeusnotaari ja oikeustieteen maisteri (3 v + 2 v) | Itä-Suomen yliopisto;oikeustieteet
1.2.246.562.20.00000000000000062750;Yhteiskuntatieteet (sosiaalipedagogiikka, sosiologia, yhteiskuntapolitiikka), Joensuu, yhteiskuntatieteiden kandidaatti ja maisteri (3 v + 2 v);Itä-Suomen yliopisto;Yhteiskuntatieteiden ja kauppatieteiden tiedekunta;G;Yhteiskuntatieteet (sosiaalipedagogiikka, sosiologia, yhteiskuntapolitiikka), Joensuu, yhteiskuntatieteiden kandidaatti ja maisteri (3 v + 2 v) | Itä-Suomen yliopisto;Yhteiskuntatieteet (sosiaalipedagogiikka, sosiologia, yhteiskuntapolitiikka), Joensuu, yhteiskuntatieteiden kandidaatti ja maisteri (3 v + 2 v) | Itä-Suomen yliopisto;100.0;Yhteiskuntatieteet (sosiaalipedagogiikka, sosiologia, yhteiskuntapolitiikka), Joensuu, yhteiskuntatieteiden kandidaatti ja maisteri (3 v + 2 v) | Itä-Suomen yliopisto;yhteiskuntatieteet
1.2.246.562.20.00000000000000062764;Sosiaalipsykologia, Kuopio, yhteiskuntatieteiden kandidaatti  ja maisteri (3 v + 2 v);Itä-Suomen yliopisto;Yhteiskuntatieteiden ja kauppatieteiden tiedekunta;G;Sosiaalipsykologia, Kuopio, yhteiskuntatieteiden kandidaatti  ja maisteri (3 v + 2 v) | Itä-Suomen yliopisto;Sosiaalipsykologia, Kuopio, yhteiskuntatieteiden kandidaatti  ja maisteri (3 v + 2 v) | Itä-Suomen yliopisto;100.0;Sosiaalipsykologia, Kuopio, yhteiskuntatieteiden kandidaatti  ja maisteri (3 v + 2 v) | Itä-Suomen yliopisto;sosiaalitieteet
1.2.246.562.20.00000000000000062775;Sosiaalityö, Kuopio, yhteiskuntatieteiden kandidaatti ja maisteri (3 v + 2 v);Itä-Suomen yliopisto;Yhteiskuntatieteiden ja kauppatieteiden tiedekunta;G;Sosiaalityö, Kuopio, yhteiskuntatieteiden kandidaatti ja maisteri (3 v + 2 v) | Itä-Suomen yliopisto;Sosiaalityö, Kuopio, yhteiskuntatieteiden kandidaatti ja maisteri (3 v + 2 v) | Itä-Suomen yliopisto;100.0;Sosiaalityö, Kuopio, yhteiskuntatieteiden kandidaatti ja maisteri (3 v + 2 v) | Itä-Suomen yliopisto;sosiaalitieteet
1.2.246.562.20.00000000000000064807;Journalistiikan kandidaatti- ja maisteriohjelma, humanististen tieteiden kandidaatti ja filosofian maisteri (3 v + 2 v);Jyväskylän yliopisto;Humanistis-yhteiskuntatieteellinen tiedekunta;G;Journalistiikan kandidaatti- ja maisteriohjelma, humanististen tieteiden kandidaatti ja filosofian maisteri (3 v + 2 v) | Jyväskylän yliopisto;Journalistiikan kandidaatti- ja maisteriohjelma, humanististen tieteiden kandidaatti ja filosofian maisteri (3 v + 2 v) | Jyväskylän yliopisto;100.0;Journalistiikan kandidaatti- ja maisteriohjelma, humanististen tieteiden kandidaatti ja filosofian maisteri (3 v + 2 v) | Jyväskylän yliopisto;viestintätieteet
1.2.246.562.20.00000000000000064073;Sosiaalityön kandidaatti- ja maisteriohjelma, yhteiskuntatieteiden kandidaatti ja maisteri (3 v + 2 v);Jyväskylän yliopisto;Humanistis-yhteiskuntatieteellinen tiedekunta;G;Sosiaalityön kandidaatti- ja maisteriohjelma, yhteiskuntatieteiden kandidaatti ja maisteri (3 v + 2 v) | Jyväskylän yliopisto;Sosiaalityön kandidaatti- ja maisteriohjelma, yhteiskuntatieteiden kandidaatti ja maisteri (3 v + 2 v) | Jyväskylän yliopisto;100.0;Sosiaalityön kandidaatti- ja maisteriohjelma, yhteiskuntatieteiden kandidaatti ja maisteri (3 v + 2 v) | Jyväskylän yliopisto;sosiaalitieteet
1.2.246.562.20.00000000000000064076;Viestinnän kandidaatti- ja maisteriohjelma, humanististen tieteiden kandidaatti ja filosofian maisteri (3 v + 2 v);Jyväskylän yliopisto;Humanistis-yhteiskuntatieteellinen tiedekunta;G;Viestinnän kandidaatti- ja maisteriohjelma, humanististen tieteiden kandidaatti ja filosofian maisteri (3 v + 2 v) | Jyväskylän yliopisto;Viestinnän kandidaatti- ja maisteriohjelma, humanististen tieteiden kandidaatti ja filosofian maisteri (3 v + 2 v) | Jyväskylän yliopisto;100.0;Viestinnän kandidaatti- ja maisteriohjelma, humanististen tieteiden kandidaatti ja filosofian maisteri (3 v + 2 v) | Jyväskylän yliopisto;viestintätieteet
1.2.246.562.20.00000000000000064794;Yhteiskuntatieteiden ja filosofian kandidaatti- ja maisteriohjelma, yhteiskuntatieteiden kandidaatti ja maisteri (3 v + 2 v);Jyväskylän yliopisto;Humanistis-yhteiskuntatieteellinen tiedekunta;G;Yhteiskuntatieteiden ja filosofian kandidaatti- ja maisteriohjelma, yhteiskuntatieteiden kandidaatti ja maisteri (3 v + 2 v) | Jyväskylän yliopisto;Yhteiskuntatieteiden ja filosofian kandidaatti- ja maisteriohjelma, yhteiskuntatieteiden kandidaatti ja maisteri (3 v + 2 v) | Jyväskylän yliopisto;100.0;Yhteiskuntatieteiden ja filosofian kandidaatti- ja maisteriohjelma, yhteiskuntatieteiden kandidaatti ja maisteri (3 v + 2 v) | Jyväskylän yliopisto;yhteiskuntatieteet
1.2.246.562.20.00000000000000063092;Liikunnan yhteiskuntatieteiden kandidaatti- ja maisteriohjelma, liikuntatieteiden kandidaatti ja maisteri (3 v + 2 v);Jyväskylän yliopisto;Liikuntatieteellinen tiedekunta;G;Liikunnan yhteiskuntatieteiden kandidaatti- ja maisteriohjelma, liikuntatieteiden kandidaatti ja maisteri (3 v + 2 v) | Jyväskylän yliopisto;Liikunnan yhteiskuntatieteiden kandidaatti- ja maisteriohjelma, liikuntatieteiden kandidaatti ja maisteri (3 v + 2 v) | Jyväskylän yliopisto;100.0;Liikunnan yhteiskuntatieteiden kandidaatti- ja maisteriohjelma, liikuntatieteiden kandidaatti ja maisteri (3 v + 2 v) | Jyväskylän yliopisto;yhteiskuntatieteet
1.2.246.562.20.00000000000000063402;Maisterihaku, liikunnan yhteiskuntatieteiden maisteriohjelma, liikuntatieteiden maisteri (2 v);Jyväskylän yliopisto;Liikuntatieteellinen tiedekunta;G;Maisterihaku, liikunnan yhteiskuntatieteiden maisteriohjelma, liikuntatieteiden maisteri (2 v) | Jyväskylän yliopisto;Maisterihaku, liikunnan yhteiskuntatieteiden maisteriohjelma, liikuntatieteiden maisteri (2 v) | Jyväskylän yliopisto;100.0;Maisterihaku, liikunnan yhteiskuntatieteiden maisteriohjelma, liikuntatieteiden maisteri (2 v) | Jyväskylän yliopisto;yhteiskuntatieteet
1.2.246.562.20.00000000000000064825;Oikeustiede, oikeusnotaari ja oikeustieteen maisteri (3 v + 2 v), Rovaniemi, 2025;Lapin yliopisto;Oikeustieteiden tiedekunta;G;Oikeustiede, oikeusnotaari ja oikeustieteen maisteri (3 v + 2 v), Rovaniemi, 2025 | Lapin yliopisto;Oikeustiede, oikeusnotaari ja oikeustieteen maisteri (3 v + 2 v), Rovaniemi, 2026 | Lapin yliopisto;98.98989898989899;Oikeustiede, oikeusnotaari ja oikeustieteen maisteri (3 v + 2 v), Rovaniemi, 2026 | Lapin yliopisto;oikeustieteet
1.2.246.562.20.00000000000000063873;Hallintotieteiden ja johtamisen tutkinto-ohjelma, hallintotieteiden tai yhteiskuntatieteiden kandidaatti ja hallintotieteiden tai yhteiskuntatieteiden maisteri (3 v + 2 v), 2025;Lapin yliopisto;Yhteiskuntatieteiden tiedekunta;G;Hallintotieteiden ja johtamisen tutkinto-ohjelma, hallintotieteiden tai yhteiskuntatieteiden kandidaatti ja hallintotieteiden tai yhteiskuntatieteiden maisteri (3 v + 2 v), 2025 | Lapin yliopisto;Hallintotieteiden ja johtamisen tutkinto-ohjelma, hallintotieteiden tai yhteiskuntatieteiden kandidaatti ja hallintotieteiden tai yhteiskuntatieteiden maisteri (3 v + 2 v), 2026 | Lapin yliopisto;99.48717948717949;Hallintotieteiden ja johtamisen tutkinto-ohjelma, hallintotieteiden tai yhteiskuntatieteiden kandidaatti ja hallintotieteiden tai yhteiskuntatieteiden maisteri (3 v + 2 v), 2026 | Lapin yliopisto;hallintotieteet
1.2.246.562.20.00000000000000064231;Matkailututkimuksen tutkinto-ohjelma, yhteiskuntatieteiden kandidaatti ja maisteri (3 v + 2 v), 2025;Lapin yliopisto;Yhteiskuntatieteiden tiedekunta;G;Matkailututkimuksen tutkinto-ohjelma, yhteiskuntatieteiden kandidaatti ja maisteri (3 v + 2 v), 2025 | Lapin yliopisto;Matkailututkimuksen tutkinto-ohjelma, yhteiskuntatieteiden kandidaatti ja maisteri (3 v + 2 v), 2026 | Lapin yliopisto;99.15254237288136;Matkailututkimuksen tutkinto-ohjelma, yhteiskuntatieteiden kandidaatti ja maisteri (3 v + 2 v), 2026 | Lapin yliopisto;yhteiskuntatieteet
1.2.246.562.20.00000000000000064236;Politiikkatieteiden ja sosiologian tutkinto-ohjelma, yhteiskuntatieteiden kandidaatti ja maisteri  (3 v + 2 v), 2025;Lapin yliopisto;Yhteiskuntatieteiden tiedekunta;G;Politiikkatieteiden ja sosiologian tutkinto-ohjelma, yhteiskuntatieteiden kandidaatti ja maisteri  (3 v + 2 v), 2025 | Lapin yliopisto;Politiikkatieteiden ja sosiologian tutkinto-ohjelma, yhteiskuntatieteiden kandidaatti ja maisteri  (3 v + 2 v), 2026 | Lapin yliopisto;99.25373134328358;Politiikkatieteiden ja sosiologian tutkinto-ohjelma, yhteiskuntatieteiden kandidaatti ja maisteri  (3 v + 2 v), 2026 | Lapin yliopisto;yhteiskuntatieteet
1.2.246.562.20.00000000000000064243;Sosiaalityön tutkinto-ohjelma, yhteiskuntatieteiden kandidaatti ja maisteri (3 v + 2 v),  Rovaniemi, 2025;Lapin yliopisto;Yhteiskuntatieteiden tiedekunta;G;Sosiaalityön tutkinto-ohjelma, yhteiskuntatieteiden kandidaatti ja maisteri (3 v + 2 v),  Rovaniemi, 2025 | Lapin yliopisto;Sosiaalityön tutkinto-ohjelma, yhteiskuntatieteiden kandidaatti ja maisteri (3 v + 2 v),  Rovaniemi, 2026 | Lapin yliopisto;99.1869918699187;Sosiaalityön tutkinto-ohjelma, yhteiskuntatieteiden kandidaatti ja maisteri (3 v + 2 v),  Rovaniemi, 2026 | Lapin yliopisto;sosiaalitieteet
1.2.246.562.20.00000000000000062074;Viestintätieteet, yhteiskuntatieteiden kandidaatti ja maisteri (3 v + 2 v);Lappeenrannan-Lahden teknillinen yliopisto LUT;LUT-yliopisto;G;Viestintätieteet, yhteiskuntatieteiden kandidaatti ja maisteri (3 v + 2 v) | Lappeenrannan-Lahden teknillinen yliopisto LUT;Viestintätieteet, yhteiskuntatieteiden kandidaatti ja maisteri (3 v + 2 v) | Lappeenrannan-Lahden teknillinen yliopisto LUT;100.0;Viestintätieteet, yhteiskuntatieteiden kandidaatti ja maisteri (3 v + 2 v) | Lappeenrannan-Lahden teknillinen yliopisto LUT;viestintätieteet
1.2.246.562.20.00000000000000056227;Yhteiskuntatieteet, yhteiskuntatieteiden kandidaatti ja maisteri (3 v + 2 v);Lappeenrannan-Lahden teknillinen yliopisto LUT;LUT-yliopisto;G;Yhteiskuntatieteet, yhteiskuntatieteiden kandidaatti ja maisteri (3 v + 2 v) | Lappeenrannan-Lahden teknillinen yliopisto LUT;Yhteiskuntatieteet, yhteiskuntatieteiden kandidaatti ja maisteri (3 v + 2 v) | Lappeenrannan-Lahden teknillinen yliopisto LUT;100.0;Yhteiskuntatieteet, yhteiskuntatieteiden kandidaatti ja maisteri (3 v + 2 v) | Lappeenrannan-Lahden teknillinen yliopisto LUT;yhteiskuntatieteet
1.2.246.562.20.00000000000000056003;Informaatiotutkimus, Historia-, kulttuuri- ja viestintätieteiden tutkinto-ohjelma, humanististen tieteiden kandidaatti ja filosofian maisteri (3 v + 2 v);Oulun yliopisto;Humanistinen tiedekunta;G;Informaatiotutkimus, Historia-, kulttuuri- ja viestintätieteiden tutkinto-ohjelma, humanististen tieteiden kandidaatti ja filosofian maisteri (3 v + 2 v) | Oulun yliopisto;Informaatiotutkimus, Historia-, kulttuuri- ja viestintätieteiden tutkinto-ohjelma, humanististen tieteiden kandidaatti ja filosofian maisteri (3 v + 2 v) | Oulun yliopisto;100.0;Informaatiotutkimus, Historia-, kulttuuri- ja viestintätieteiden tutkinto-ohjelma, humanististen tieteiden kandidaatti ja filosofian maisteri (3 v + 2 v) | Oulun yliopisto;viestintätieteet
1.2.246.562.20.00000000000000063271;Informaatiotutkimus, Viestinnän monitieteinen koulutus, Luonnontieteiden kandidaatti ja filosofian maisteri (3 v + 2 v);Tampereen yliopisto;Informaatioteknologian ja viestinnän tiedekunta;G;Informaatiotutkimus, Viestinnän monitieteinen koulutus, Luonnontieteiden kandidaatti ja filosofian maisteri (3 v + 2 v) | Tampereen yliopisto;Informaatiotutkimus, Viestinnän monitieteinen koulutus, Luonnontieteiden kandidaatti ja filosofian maisteri (3 v + 2 v) | Tampereen yliopisto;100.0;Informaatiotutkimus, Viestinnän monitieteinen koulutus, Luonnontieteiden kandidaatti ja filosofian maisteri (3 v + 2 v) | Tampereen yliopisto;viestintätieteet
1.2.246.562.20.00000000000000063273;Journalistiikka, Viestinnän monitieteinen koulutus, Yhteiskuntatieteiden kandidaatti ja maisteri (3 v + 2 v);Tampereen yliopisto;Informaatioteknologian ja viestinnän tiedekunta;G;Journalistiikka, Viestinnän monitieteinen koulutus, Yhteiskuntatieteiden kandidaatti ja maisteri (3 v + 2 v) | Tampereen yliopisto;Journalistiikka, Viestinnän monitieteinen koulutus, Yhteiskuntatieteiden kandidaatti ja maisteri (3 v + 2 v) | Tampereen yliopisto;100.0;Journalistiikka, Viestinnän monitieteinen koulutus, Yhteiskuntatieteiden kandidaatti ja maisteri (3 v + 2 v) | Tampereen yliopisto;viestintätieteet
1.2.246.562.20.00000000000000063276;Mediatutkimus, Viestinnän monitieteinen koulutus, Yhteiskuntatieteiden kandidaatti ja maisteri (3 v + 2 v);Tampereen yliopisto;Informaatioteknologian ja viestinnän tiedekunta;G;Mediatutkimus, Viestinnän monitieteinen koulutus, Yhteiskuntatieteiden kandidaatti ja maisteri (3 v + 2 v) | Tampereen yliopisto;Mediatutkimus, Viestinnän monitieteinen koulutus, Yhteiskuntatieteiden kandidaatti ja maisteri (3 v + 2 v) | Tampereen yliopisto;100.0;Mediatutkimus, Viestinnän monitieteinen koulutus, Yhteiskuntatieteiden kandidaatti ja maisteri (3 v + 2 v) | Tampereen yliopisto;viestintätieteet
1.2.246.562.20.00000000000000063275;Viestintä, Viestinnän monitieteinen koulutus, Humanististen tieteiden kandidaatti ja filosofian maisteri (3 v + 2 v);Tampereen yliopisto;Informaatioteknologian ja viestinnän tiedekunta;G;Viestintä, Viestinnän monitieteinen koulutus, Humanististen tieteiden kandidaatti ja filosofian maisteri (3 v + 2 v) | Tampereen yliopisto;Viestintä, Viestinnän monitieteinen koulutus, Humanististen tieteiden kandidaatti ja filosofian maisteri (3 v + 2 v) | Tampereen yliopisto;100.0;Viestintä, Viestinnän monitieteinen koulutus, Humanististen tieteiden kandidaatti ja filosofian maisteri (3 v + 2 v) | Tampereen yliopisto;viestintätieteet
1.2.246.562.20.00000000000000063306;Hallintotieteiden koulutus, Hallintotieteiden kandidaatti ja maisteri (3 v + 2 v);Tampereen yliopisto;Johtamisen ja talouden tiedekunta;G;Hallintotieteiden koulutus, Hallintotieteiden kandidaatti ja maisteri (3 v + 2 v) | Tampereen yliopisto;Hallintotieteiden koulutus, Hallintotieteiden kandidaatti ja maisteri (3 v + 2 v) | Tampereen yliopisto;100.0;Hallintotieteiden koulutus, Hallintotieteiden kandidaatti ja maisteri (3 v + 2 v) | Tampereen yliopisto;hallintotieteet
1.2.246.562.20.00000000000000063288;Politiikan tutkimuksen koulutus, Yhteiskuntatieteiden kandidaatti ja maisteri (3 v + 2 v);Tampereen yliopisto;Johtamisen ja talouden tiedekunta;G;Politiikan tutkimuksen koulutus, Yhteiskuntatieteiden kandidaatti ja maisteri (3 v + 2 v) | Tampereen yliopisto;Politiikan tutkimuksen koulutus, Yhteiskuntatieteiden kandidaatti ja maisteri (3 v + 2 v) | Tampereen yliopisto;100.0;Politiikan tutkimuksen koulutus, Yhteiskuntatieteiden kandidaatti ja maisteri (3 v + 2 v) | Tampereen yliopisto;yhteiskuntatieteet
1.2.246.562.20.00000000000000063527;Sosiaalityön koulutus, Yhteiskuntatieteiden kandidaatti ja maisteri (3 v + 2 v);Tampereen yliopisto;Yhteiskuntatieteiden tiedekunta;G;Sosiaalityön koulutus, Yhteiskuntatieteiden kandidaatti ja maisteri (3 v + 2 v) | Tampereen yliopisto;Sosiaalityön koulutus, Yhteiskuntatieteiden kandidaatti ja maisteri (3 v + 2 v) | Tampereen yliopisto;100.0;Sosiaalityön koulutus, Yhteiskuntatieteiden kandidaatti ja maisteri (3 v + 2 v) | Tampereen yliopisto;sosiaalitieteet
1.2.246.562.20.00000000000000056836;Oikeustiede, oikeusnotaari ja oikeustieteen maisteri (3 v + 2 v);Turun yliopisto;Oikeustieteellinen tiedekunta;G;Oikeustiede, oikeusnotaari ja oikeustieteen maisteri (3 v + 2 v) | Turun yliopisto;Oikeustiede, oikeusnotaari ja oikeustieteen maisteri (3 v + 2 v) | Turun yliopisto;100.0;Oikeustiede, oikeusnotaari ja oikeustieteen maisteri (3 v + 2 v) | Turun yliopisto;oikeustieteet
1.2.246.562.20.00000000000000056882;Poliittinen historia ja valtio-oppi, valtiotieteiden kandidaatti ja valtiotieteiden maisteri (3 v + 2 v);Turun yliopisto;Yhteiskuntatieteellinen tiedekunta;G;Poliittinen historia ja valtio-oppi, valtiotieteiden kandidaatti ja valtiotieteiden maisteri (3 v + 2 v) | Turun yliopisto;Poliittinen historia ja valtio-oppi, valtiotieteiden kandidaatti ja valtiotieteiden maisteri (3 v + 2 v) | Turun yliopisto;100.0;Poliittinen historia ja valtio-oppi, valtiotieteiden kandidaatti ja valtiotieteiden maisteri (3 v + 2 v) | Turun yliopisto;yhteiskuntatieteet
1.2.246.562.20.00000000000000056883;Sosiaalitieteet, valtiotieteiden kandidaatti ja valtiotieteiden maisteri (3 v + 2 v);Turun yliopisto;Yhteiskuntatieteellinen tiedekunta;G;Sosiaalitieteet, valtiotieteiden kandidaatti ja valtiotieteiden maisteri (3 v + 2 v) | Turun yliopisto;Sosiaalitieteet, valtiotieteiden kandidaatti ja valtiotieteiden maisteri (3 v + 2 v) | Turun yliopisto;100.0;Sosiaalitieteet, valtiotieteiden kandidaatti ja valtiotieteiden maisteri (3 v + 2 v) | Turun yliopisto;sosiaalitieteet
1.2.246.562.20.00000000000000056884;Sosiaalityö, valtiotieteiden kandidaatti ja valtiotieteiden maisteri (3 v + 2 v);Turun yliopisto;Yhteiskuntatieteellinen tiedekunta;G;Sosiaalityö, valtiotieteiden kandidaatti ja valtiotieteiden maisteri (3 v + 2 v) | Turun yliopisto;Sosiaalityö, valtiotieteiden kandidaatti ja valtiotieteiden maisteri (3 v + 2 v) | Turun yliopisto;100.0;Sosiaalityö, valtiotieteiden kandidaatti ja valtiotieteiden maisteri (3 v + 2 v) | Turun yliopisto;sosiaalitieteet
1.2.246.562.20.00000000000000064443;Hallintotieteet, Hallintotieteiden kandidaatti ja maisteri (3 v + 2 v) 2025;Vaasan yliopisto;Johtamisen yksikkö;G;Hallintotieteet, Hallintotieteiden kandidaatti ja maisteri (3 v + 2 v) 2025 | Vaasan yliopisto;Hallintotieteet, Hallintotieteiden kandidaatti ja maisteri (3 v + 2 v) | Vaasan yliopisto;97.26775956284153;Hallintotieteet, Hallintotieteiden kandidaatti ja maisteri (3 v + 2 v) | Vaasan yliopisto;hallintotieteet
1.2.246.562.20.00000000000000064402;Viestintätieteiden kandidaattiohjelma, humanististen tieteiden kandidaatti ja filosofian maisteri (3 v + 2 v);Vaasan yliopisto;Markkinoinnin ja viestinnän yksikkö;G;Viestintätieteiden kandidaattiohjelma, humanististen tieteiden kandidaatti ja filosofian maisteri (3 v + 2 v) | Vaasan yliopisto;Viestintätieteet, humanististen tieteiden kandidaatti ja filosofian maisteri (3 v + 2 v) | Vaasan yliopisto;91.06382978723404;Viestintätieteet, humanististen tieteiden kandidaatti ja filosofian maisteri (3 v + 2 v) | Vaasan yliopisto;viestintätieteet
1.2.246.562.20.00000000000000056197;Utbildningsprogrammet i socialvetenskaper (Vasa), politices kandidat och politices magister (3+2 år);Åbo Akademi;Fakulteten för pedagogik och välfärdsstudier;G;Utbildningsprogrammet i socialvetenskaper (Vasa), politices kandidat och politices magister (3+2 år) | Åbo Akademi;Utbildningsprogrammet i socialvetenskaper (Vasa), politices kandidat och politices magister (3+2 år) | Åbo Akademi;100.0;Utbildningsprogrammet i socialvetenskaper (Vasa), politices kandidat och politices magister (3+2 år) | Åbo Akademi;sosiaalitieteet
1.2.246.562.20.00000000000000056203;Utbildningsprogrammet i juridik, rättsnotarie och juris magister (3+2 år);Åbo Akademi;Yhteiskuntatieteiden;G;Utbildningsprogrammet i juridik, rättsnotarie och juris magister (3+2 år) | Åbo Akademi;Utbildningsprogrammet i juridik, rättsnotarie och juris magister (3+2 år) | Åbo Akademi;100.0;Utbildningsprogrammet i juridik, rättsnotarie och juris magister (3+2 år) | Åbo Akademi;oikeustieteet
1.2.246.562.20.00000000000000056205;Utbildningsprogrammet i samhällsvetenskaper (Åbo), politices kandidat och politices magister (3+2 år);Åbo Akademi;Yhteiskuntatieteiden;G;Utbildningsprogrammet i samhällsvetenskaper (Åbo), politices kandidat och politices magister (3+2 år) | Åbo Akademi;Utbildningsprogrammet i samhällsvetenskaper (Åbo), politices kandidat och politices magister (3+2 år) | Åbo Akademi;100.0;Utbildningsprogrammet i samhällsvetenskaper (Åbo), politices kandidat och politices magister (3+2 år) | Åbo Akademi;yhteiskuntatieteet
1.2.246.562.20.00000000000000056204;Utbildningsprogrammet i samhällsvetenskaper (Vasa), politices kandidat och politices magister (3+2 år);Åbo Akademi;Yhteiskuntatieteiden;G;Utbildningsprogrammet i samhällsvetenskaper (Vasa), politices kandidat och politices magister (3+2 år) | Åbo Akademi;Utbildningsprogrammet i samhällsvetenskaper (Vasa), politices kandidat och politices magister (3+2 år) | Åbo Akademi;100.0;Utbildningsprogrammet i samhällsvetenskaper (Vasa), politices kandidat och politices magister (3+2 år) | Åbo Akademi;yhteiskuntatieteet
1.2.246.562.20.00000000000000056377;Filosofian kandiohjelma (opetus suomeksi), humanististen tieteiden tai valtiotieteiden kandidaatti ja filosofian tai valtiotieteiden maisteri (3 v + 2 v);Helsingin yliopisto;Humanistinen tiedekunta;H;Filosofian kandiohjelma (opetus suomeksi), humanististen tieteiden tai valtiotieteiden kandidaatti ja filosofian tai valtiotieteiden maisteri (3 v + 2 v) | Helsingin yliopisto;Filosofian kandiohjelma (opetus suomeksi), humanististen tieteiden tai valtiotieteiden kandidaatti ja filosofian tai valtiotieteiden maisteri (3 v + 2 v) | Helsingin yliopisto;100.0;Filosofian kandiohjelma (opetus suomeksi), humanististen tieteiden tai valtiotieteiden kandidaatti ja filosofian tai valtiotieteiden maisteri (3 v + 2 v) | Helsingin yliopisto;filosofia
1.2.246.562.20.00000000000000056379;Historian kandiohjelma (opetus suomeksi), humanististen tieteiden kandidaatti ja filosofian maisteri (3 v + 2 v);Helsingin yliopisto;Humanistinen tiedekunta;H;Historian kandiohjelma (opetus suomeksi), humanististen tieteiden kandidaatti ja filosofian maisteri (3 v + 2 v) | Helsingin yliopisto;Historian kandiohjelma (opetus suomeksi), humanististen tieteiden kandidaatti ja filosofian maisteri (3 v + 2 v) | Helsingin yliopisto;100.0;Historian kandiohjelma (opetus suomeksi), humanististen tieteiden kandidaatti ja filosofian maisteri (3 v + 2 v) | Helsingin yliopisto;historia
1.2.246.562.20.00000000000000056378;Kandidatprogrammet i filosofi (undervisning på svenska), kandidat i humanistiska vetenskaper och filosofie eller politices magister (3 år + 2 år);Helsingin yliopisto;Humanistinen tiedekunta;H;Kandidatprogrammet i filosofi (undervisning på svenska), kandidat i humanistiska vetenskaper och filosofie eller politices magister (3 år + 2 år) | Helsingin yliopisto;Kandidatprogrammet i filosofi (undervisning på svenska), kandidat i humanistiska vetenskaper och filosofie eller politices magister (3 år + 2 år) | Helsingin yliopisto;100.0;Kandidatprogrammet i filosofi (undervisning på svenska), kandidat i humanistiska vetenskaper och filosofie eller politices magister (3 år + 2 år) | Helsingin yliopisto;filosofia
1.2.246.562.20.00000000000000056380;Kandidatprogrammet i historia (undervisning på svenska), kandidat i humanistiska vetenskaper och filosofie magister (3 år + 2 år);Helsingin yliopisto;Humanistinen tiedekunta;H;Kandidatprogrammet i historia (undervisning på svenska), kandidat i humanistiska vetenskaper och filosofie magister (3 år + 2 år) | Helsingin yliopisto;Kandidatprogrammet i historia (undervisning på svenska), kandidat i humanistiska vetenskaper och filosofie magister (3 år + 2 år) | Helsingin yliopisto;100.0;Kandidatprogrammet i historia (undervisning på svenska), kandidat i humanistiska vetenskaper och filosofie magister (3 år + 2 år) | Helsingin yliopisto;historia
1.2.246.562.20.00000000000000056393;Kulttuurien tutkimuksen kandiohjelma, humanististen tieteiden kandidaatti ja filosofian maisteri (3 v + 2 v);Helsingin yliopisto;Humanistinen tiedekunta;H;Kulttuurien tutkimuksen kandiohjelma, humanististen tieteiden kandidaatti ja filosofian maisteri (3 v + 2 v) | Helsingin yliopisto;Kulttuurien tutkimuksen kandiohjelma, humanististen tieteiden kandidaatti ja filosofian maisteri (3 v + 2 v) | Helsingin yliopisto;100.0;Kulttuurien tutkimuksen kandiohjelma, humanististen tieteiden kandidaatti ja filosofian maisteri (3 v + 2 v) | Helsingin yliopisto;kulttuurien ja taiteiden tutkimus
1.2.246.562.20.00000000000000056394;Taiteiden tutkimuksen kandiohjelma, humanististen tieteiden kandidaatti ja filosofian maisteri (3 v + 2 v);Helsingin yliopisto;Humanistinen tiedekunta;H;Taiteiden tutkimuksen kandiohjelma, humanististen tieteiden kandidaatti ja filosofian maisteri (3 v + 2 v) | Helsingin yliopisto;Taiteiden tutkimuksen kandiohjelma, humanististen tieteiden kandidaatti ja filosofian maisteri (3 v + 2 v) | Helsingin yliopisto;100.0;Taiteiden tutkimuksen kandiohjelma, humanististen tieteiden kandidaatti ja filosofian maisteri (3 v + 2 v) | Helsingin yliopisto;kulttuurien ja taiteiden tutkimus
1.2.246.562.20.00000000000000056432;Teologian ja uskonnontutkimuksen kandiohjelma, teologian kandidaatti ja maisteri (3 v + 2 v);Helsingin yliopisto;Teologinen tiedekunta;H;Teologian ja uskonnontutkimuksen kandiohjelma, teologian kandidaatti ja maisteri (3 v + 2 v) | Helsingin yliopisto;Teologian ja uskonnontutkimuksen kandiohjelma, teologian kandidaatti ja maisteri (3 v + 2 v) | Helsingin yliopisto;100.0;Teologian ja uskonnontutkimuksen kandiohjelma, teologian kandidaatti ja maisteri (3 v + 2 v) | Helsingin yliopisto;teologia
1.2.246.562.20.00000000000000062152;Kulttuurintutkimus, Joensuu, humanististen tieteiden kandidaatti ja filosofian maisteri (3 v + 2 v);Itä-Suomen yliopisto;Filosofinen tiedekunta;H;Kulttuurintutkimus, Joensuu, humanististen tieteiden kandidaatti ja filosofian maisteri (3 v + 2 v) | Itä-Suomen yliopisto;Kulttuurintutkimus, Joensuu, humanististen tieteiden kandidaatti ja filosofian maisteri (3 v + 2 v) | Itä-Suomen yliopisto;100.0;Kulttuurintutkimus, Joensuu, humanististen tieteiden kandidaatti ja filosofian maisteri (3 v + 2 v) | Itä-Suomen yliopisto;kulttuurien ja taiteiden tutkimus
1.2.246.562.20.00000000000000062468;Läntinen teologia, opetusala, Joensuu, teologian kandidaatti ja maisteri (3 v + 2 v);Itä-Suomen yliopisto;Filosofinen tiedekunta;H;Läntinen teologia, opetusala, Joensuu, teologian kandidaatti ja maisteri (3 v + 2 v) | Itä-Suomen yliopisto;Läntinen teologia, opetusala, Joensuu, teologian kandidaatti ja maisteri (3 v + 2 v) | Itä-Suomen yliopisto;100.0;Läntinen teologia, opetusala, Joensuu, teologian kandidaatti ja maisteri (3 v + 2 v) | Itä-Suomen yliopisto;teologia
1.2.246.562.20.00000000000000062467;Läntinen teologia, teologi, Joensuu, teologian kandidaatti ja maisteri (3 v + 2 v);Itä-Suomen yliopisto;Filosofinen tiedekunta;H;Läntinen teologia, teologi, Joensuu, teologian kandidaatti ja maisteri (3 v + 2 v) | Itä-Suomen yliopisto;Läntinen teologia, teologi, Joensuu, teologian kandidaatti ja maisteri (3 v + 2 v) | Itä-Suomen yliopisto;100.0;Läntinen teologia, teologi, Joensuu, teologian kandidaatti ja maisteri (3 v + 2 v) | Itä-Suomen yliopisto;teologia
1.2.246.562.20.00000000000000062481;Ortodoksinen teologia, kirkkomusiikki, Joensuu, teologian kandidaatti ja maisteri (3 v + 2 v);Itä-Suomen yliopisto;Filosofinen tiedekunta;H;Ortodoksinen teologia, kirkkomusiikki, Joensuu, teologian kandidaatti ja maisteri (3 v + 2 v) | Itä-Suomen yliopisto;Läntinen teologia, opetusala, Joensuu, teologian kandidaatti ja maisteri (3 v + 2 v) | Itä-Suomen yliopisto;87.89237668161435;Läntinen teologia, opetusala, Joensuu, teologian kandidaatti ja maisteri (3 v + 2 v) | Itä-Suomen yliopisto;teologia
1.2.246.562.20.00000000000000062480;Ortodoksinen teologia, opetusala, Joensuu, teologian kandidaatti ja maisteri (3 v + 2 v);Itä-Suomen yliopisto;Filosofinen tiedekunta;H;Ortodoksinen teologia, opetusala, Joensuu, teologian kandidaatti ja maisteri (3 v + 2 v) | Itä-Suomen yliopisto;Läntinen teologia, opetusala, Joensuu, teologian kandidaatti ja maisteri (3 v + 2 v) | Itä-Suomen yliopisto;95.41284403669725;Läntinen teologia, opetusala, Joensuu, teologian kandidaatti ja maisteri (3 v + 2 v) | Itä-Suomen yliopisto;teologia
1.2.246.562.20.00000000000000062475;Ortodoksinen teologia, teologi, Joensuu, teologian kandidaatti ja maisteri (3 v + 2 v);Itä-Suomen yliopisto;Filosofinen tiedekunta;H;Ortodoksinen teologia, teologi, Joensuu, teologian kandidaatti ja maisteri (3 v + 2 v) | Itä-Suomen yliopisto;Läntinen teologia, teologi, Joensuu, teologian kandidaatti ja maisteri (3 v + 2 v) | Itä-Suomen yliopisto;95.32710280373831;Läntinen teologia, teologi, Joensuu, teologian kandidaatti ja maisteri (3 v + 2 v) | Itä-Suomen yliopisto;teologia
1.2.246.562.20.00000000000000062493;Historia, Joensuu, humanististen tieteiden kandidaatti ja filosofian maisteri (3 v + 2 v);Itä-Suomen yliopisto;Yhteiskuntatieteiden ja kauppatieteiden tiedekunta;H;Historia, Joensuu, humanististen tieteiden kandidaatti ja filosofian maisteri (3 v + 2 v) | Itä-Suomen yliopisto;Historia, Joensuu, humanististen tieteiden kandidaatti ja filosofian maisteri (3 v + 2 v) | Itä-Suomen yliopisto;100.0;Historia, Joensuu, humanististen tieteiden kandidaatti ja filosofian maisteri (3 v + 2 v) | Itä-Suomen yliopisto;historia
1.2.246.562.20.00000000000000064004;Historian kandidaatti- ja maisteriohjelma, humanististen tieteiden kandidaatti ja filosofian maisteri (3 v + 2 v);Jyväskylän yliopisto;Humanistis-yhteiskuntatieteellinen tiedekunta;H;Historian kandidaatti- ja maisteriohjelma, humanististen tieteiden kandidaatti ja filosofian maisteri (3 v + 2 v) | Jyväskylän yliopisto;Historian kandidaatti- ja maisteriohjelma, humanististen tieteiden kandidaatti ja filosofian maisteri (3 v + 2 v) | Jyväskylän yliopisto;100.0;Historian kandidaatti- ja maisteriohjelma, humanististen tieteiden kandidaatti ja filosofian maisteri (3 v + 2 v) | Jyväskylän yliopisto;historia
1.2.246.562.20.00000000000000064026;Kulttuurit ja yhteisöt muuttuvassa maailmassa -kandidaatti- ja maisteriohjelma, humanististen tieteiden kandidaatti ja filosofian maisteri (3 v + 2 v);Jyväskylän yliopisto;Humanistis-yhteiskuntatieteellinen tiedekunta;H;Kulttuurit ja yhteisöt muuttuvassa maailmassa -kandidaatti- ja maisteriohjelma, humanististen tieteiden kandidaatti ja filosofian maisteri (3 v + 2 v) | Jyväskylän yliopisto;Kulttuurit ja yhteisöt muuttuvassa maailmassa -kandidaatti- ja maisteriohjelma, humanististen tieteiden kandidaatti ja filosofian maisteri (3 v + 2 v) | Jyväskylän yliopisto;100.0;Kulttuurit ja yhteisöt muuttuvassa maailmassa -kandidaatti- ja maisteriohjelma, humanististen tieteiden kandidaatti ja filosofian maisteri (3 v + 2 v) | Jyväskylän yliopisto;kulttuurien ja taiteiden tutkimus
1.2.246.562.20.00000000000000064062;Musiikkitieteen kandidaatti- ja maisteriohjelma, humanististen tieteiden kandidaatti ja filosofian maisteri (3 v + 2 v);Jyväskylän yliopisto;Humanistis-yhteiskuntatieteellinen tiedekunta;H;Musiikkitieteen kandidaatti- ja maisteriohjelma, humanististen tieteiden kandidaatti ja filosofian maisteri (3 v + 2 v) | Jyväskylän yliopisto;Musiikkitieteen kandidaatti- ja maisteriohjelma, humanististen tieteiden kandidaatti ja filosofian maisteri (3 v + 2 v) | Jyväskylän yliopisto;100.0;Musiikkitieteen kandidaatti- ja maisteriohjelma, humanististen tieteiden kandidaatti ja filosofian maisteri (3 v + 2 v) | Jyväskylän yliopisto;kulttuurien ja taiteiden tutkimus
1.2.246.562.20.00000000000000064075;Taidehistorian ja taidekasvatuksen kandidaatti- ja maisteriohjelma, humanististen tieteiden kandidaatti ja filosofian maisteri (3 v + 2 v);Jyväskylän yliopisto;Humanistis-yhteiskuntatieteellinen tiedekunta;H;Taidehistorian ja taidekasvatuksen kandidaatti- ja maisteriohjelma, humanististen tieteiden kandidaatti ja filosofian maisteri (3 v + 2 v) | Jyväskylän yliopisto;Taidehistorian ja taidekasvatuksen kandidaatti- ja maisteriohjelma, humanististen tieteiden kandidaatti ja filosofian maisteri (3 v + 2 v) | Jyväskylän yliopisto;100.0;Taidehistorian ja taidekasvatuksen kandidaatti- ja maisteriohjelma, humanististen tieteiden kandidaatti ja filosofian maisteri (3 v + 2 v) | Jyväskylän yliopisto;kulttuurien ja taiteiden tutkimus
1.2.246.562.20.00000000000000055862;Historia ja tieteiden ja aatteiden historia, Historia-, kulttuuri- ja viestintätieteiden tutkinto-ohjelma, humanististen tieteiden kandidaatti ja filosofian maisteri (3 v + 2 v);Oulun yliopisto;Humanistinen tiedekunta;H;Historia ja tieteiden ja aatteiden historia, Historia-, kulttuuri- ja viestintätieteiden tutkinto-ohjelma, humanististen tieteiden kandidaatti ja filosofian maisteri (3 v + 2 v) | Oulun yliopisto;Historia ja tieteiden ja aatteiden historia, Historia-, kulttuuri- ja viestintätieteiden tutkinto-ohjelma, humanististen tieteiden kandidaatti ja filosofian maisteri (3 v + 2 v) | Oulun yliopisto;100.0;Historia ja tieteiden ja aatteiden historia, Historia-, kulttuuri- ja viestintätieteiden tutkinto-ohjelma, humanististen tieteiden kandidaatti ja filosofian maisteri (3 v + 2 v) | Oulun yliopisto;historia
1.2.246.562.20.00000000000000055864;Kulttuuriantropologia ja arkeologia, Historia-, kulttuuri- ja viestintätieteiden tutkinto-ohjelma, humanististen tieteiden kandidaatti ja filosofian maisteri (3 v + 2 v);Oulun yliopisto;Humanistinen tiedekunta;H;Kulttuuriantropologia ja arkeologia, Historia-, kulttuuri- ja viestintätieteiden tutkinto-ohjelma, humanististen tieteiden kandidaatti ja filosofian maisteri (3 v + 2 v) | Oulun yliopisto;Kulttuuriantropologia ja arkeologia, Historia-, kulttuuri- ja viestintätieteiden tutkinto-ohjelma, humanististen tieteiden kandidaatti ja filosofian maisteri (3 v + 2 v) | Oulun yliopisto;100.0;Kulttuuriantropologia ja arkeologia, Historia-, kulttuuri- ja viestintätieteiden tutkinto-ohjelma, humanististen tieteiden kandidaatti ja filosofian maisteri (3 v + 2 v) | Oulun yliopisto;kulttuurien ja taiteiden tutkimus
1.2.246.562.20.00000000000000063850;Saamelainen kulttuuri, Historia-, kulttuuri- ja viestintätieteiden tutkinto-ohjelma, humanististen tieteiden kandidaatti ja filosofian maisteri (3 v + 2 v);Oulun yliopisto;Humanistinen tiedekunta;H;Saamelainen kulttuuri, Historia-, kulttuuri- ja viestintätieteiden tutkinto-ohjelma, humanististen tieteiden kandidaatti ja filosofian maisteri (3 v + 2 v) | Oulun yliopisto;Saamelainen kulttuuri, Historia-, kulttuuri- ja viestintätieteiden tutkinto-ohjelma, humanististen tieteiden kandidaatti ja filosofian maisteri (3 v + 2 v) | Oulun yliopisto;100.0;Saamelainen kulttuuri, Historia-, kulttuuri- ja viestintätieteiden tutkinto-ohjelma, humanististen tieteiden kandidaatti ja filosofian maisteri (3 v + 2 v) | Oulun yliopisto;kulttuurien ja taiteiden tutkimus
1.2.246.562.20.00000000000000063283;Filosofian koulutus, Humanististen tieteiden kandidaatti ja filosofian maisteri (3 v + 2 v);Tampereen yliopisto;Yhteiskuntatieteiden tiedekunta;H;Filosofian koulutus, Humanististen tieteiden kandidaatti ja filosofian maisteri (3 v + 2 v) | Tampereen yliopisto;Filosofian koulutus, Humanististen tieteiden kandidaatti ja filosofian maisteri (3 v + 2 v) | Tampereen yliopisto;100.0;Filosofian koulutus, Humanististen tieteiden kandidaatti ja filosofian maisteri (3 v + 2 v) | Tampereen yliopisto;filosofia
1.2.246.562.20.00000000000000063149;Historian koulutus, Humanististen tieteiden kandidaatti ja filosofian maisteri (3 v + 2 v);Tampereen yliopisto;Yhteiskuntatieteiden tiedekunta;H;Historian koulutus, Humanististen tieteiden kandidaatti ja filosofian maisteri (3 v + 2 v) | Tampereen yliopisto;Historian koulutus, Humanististen tieteiden kandidaatti ja filosofian maisteri (3 v + 2 v) | Tampereen yliopisto;100.0;Historian koulutus, Humanististen tieteiden kandidaatti ja filosofian maisteri (3 v + 2 v) | Tampereen yliopisto;historia
1.2.246.562.20.00000000000000056804;Historian ja arkeologian tutkinto-ohjelma, humanististen tieteiden kandidaatti ja filosofian maisteri (3 v + 2 v);Turun yliopisto;Humanistinen tiedekunta;H;Historian ja arkeologian tutkinto-ohjelma, humanististen tieteiden kandidaatti ja filosofian maisteri (3 v + 2 v) | Turun yliopisto;Historian ja arkeologian tutkinto-ohjelma, humanististen tieteiden kandidaatti ja filosofian maisteri (3 v + 2 v) | Turun yliopisto;100.0;Historian ja arkeologian tutkinto-ohjelma, humanististen tieteiden kandidaatti ja filosofian maisteri (3 v + 2 v) | Turun yliopisto;historia
1.2.246.562.20.00000000000000055822;Kulttuurien tutkimuksen tutkinto-ohjelma, humanististen tieteiden kandidaatti ja filosofian maisteri (3 v + 2 v);Turun yliopisto;Humanistinen tiedekunta;H;Kulttuurien tutkimuksen tutkinto-ohjelma, humanististen tieteiden kandidaatti ja filosofian maisteri (3 v + 2 v) | Turun yliopisto;Kulttuurien tutkimuksen tutkinto-ohjelma, humanististen tieteiden kandidaatti ja filosofian maisteri (3 v + 2 v) | Turun yliopisto;100.0;Kulttuurien tutkimuksen tutkinto-ohjelma, humanististen tieteiden kandidaatti ja filosofian maisteri (3 v + 2 v) | Turun yliopisto;kulttuurien ja taiteiden tutkimus
1.2.246.562.20.00000000000000055823;Median, musiikin ja taiteen tutkimuksen tutkinto-ohjelma, humanististen tieteiden kandidaatti ja filosofian maisteri (3 v + 2 v);Turun yliopisto;Humanistinen tiedekunta;H;Median, musiikin ja taiteen tutkimuksen tutkinto-ohjelma, humanististen tieteiden kandidaatti ja filosofian maisteri (3 v + 2 v) | Turun yliopisto;Median, musiikin ja taiteen tutkimuksen tutkinto-ohjelma, humanististen tieteiden kandidaatti ja filosofian maisteri (3 v + 2 v) | Turun yliopisto;100.0;Median, musiikin ja taiteen tutkimuksen tutkinto-ohjelma, humanististen tieteiden kandidaatti ja filosofian maisteri (3 v + 2 v) | Turun yliopisto;kulttuurien ja taiteiden tutkimus
1.2.246.562.20.00000000000000055811;Digitaalisen kulttuurin, maiseman ja kulttuuriperinnön tutkinto-ohjelma, Pori, humanististen tieteiden kandidaatti ja filosofian maisteri (3 v + 2 v);Turun yliopisto;Humanistinen tiedekunta;H;Digitaalisen kulttuurin, maiseman ja kulttuuriperinnön tutkinto-ohjelma, Pori, humanististen tieteiden kandidaatti ja filosofian maisteri (3 v + 2 v) | Turun yliopisto;Digitaalisen kulttuurin, maiseman ja kulttuuriperinnön tutkinto-ohjelma, Pori, humanististen tieteiden kandidaatti ja filosofian maisteri (3 v + 2 v) | Turun yliopisto;100.0;Digitaalisen kulttuurin, maiseman ja kulttuuriperinnön tutkinto-ohjelma, Pori, humanististen tieteiden kandidaatti ja filosofian maisteri (3 v + 2 v) | Turun yliopisto;kulttuurien ja taiteiden tutkimus
1.2.246.562.20.00000000000000056879;Filosofia, valtiotieteiden kandidaatti ja valtiotieteiden maisteri (3 v +2 v);Turun yliopisto;Yhteiskuntatieteellinen tiedekunta;H;Filosofia, valtiotieteiden kandidaatti ja valtiotieteiden maisteri (3 v +2 v) | Turun yliopisto;Filosofia, valtiotieteiden kandidaatti ja valtiotieteiden maisteri (3 v +2 v) | Turun yliopisto;100.0;Filosofia, valtiotieteiden kandidaatti ja valtiotieteiden maisteri (3 v +2 v) | Turun yliopisto;filosofia
1.2.246.562.20.00000000000000056142;Utbildningsprogrammet i kultur, historia och filosofi, kandidat i humanistiska vetenskaper och filosofie magister (3+2 år);Åbo Akademi;Fakulteten för humaniora;H;Utbildningsprogrammet i kultur, historia och filosofi, kandidat i humanistiska vetenskaper och filosofie magister (3+2 år) | Åbo Akademi;Utbildningsprogrammet i kultur, historia och filosofi, kandidat i humanistiska vetenskaper och filosofie magister (3+2 år) | Åbo Akademi;100.0;Utbildningsprogrammet i kultur, historia och filosofi, kandidat i humanistiska vetenskaper och filosofie magister (3+2 år) | Åbo Akademi;filosofia
1.2.246.562.20.00000000000000056145;Utbildningsprogrammet i teologi, teologie kandidat och magister (3+2 år);Åbo Akademi;Fakulteten för humaniora;H;Utbildningsprogrammet i teologi, teologie kandidat och magister (3+2 år) | Åbo Akademi;Utbildningsprogrammet i teologi, teologie kandidat och magister (3+2 år) | Åbo Akademi;100.0;Utbildningsprogrammet i teologi, teologie kandidat och magister (3+2 år) | Åbo Akademi;teologia
1.2.246.562.20.00000000000000056381;Englanti, kielten kandiohjelma, humanististen tieteiden kandidaatti ja filosofian maisteri (3 v + 2 v);Helsingin yliopisto;Humanistinen tiedekunta;I;Englanti, kielten kandiohjelma, humanististen tieteiden kandidaatti ja filosofian maisteri (3 v + 2 v) | Helsingin yliopisto;Englanti, kielten kandiohjelma, humanististen tieteiden kandidaatti ja filosofian maisteri (3 v + 2 v) | Helsingin yliopisto;100.0;Englanti, kielten kandiohjelma, humanististen tieteiden kandidaatti ja filosofian maisteri (3 v + 2 v) | Helsingin yliopisto;vieraat kielet ja kielitieteet
1.2.246.562.20.00000000000000056382;Espanja, kielten kandiohjelma, humanististen tieteiden kandidaatti ja filosofian maisteri (3 v + 2 v);Helsingin yliopisto;Humanistinen tiedekunta;I;Espanja, kielten kandiohjelma, humanististen tieteiden kandidaatti ja filosofian maisteri (3 v + 2 v) | Helsingin yliopisto;Espanja, kielten kandiohjelma, humanististen tieteiden kandidaatti ja filosofian maisteri (3 v + 2 v) | Helsingin yliopisto;100.0;Espanja, kielten kandiohjelma, humanististen tieteiden kandidaatti ja filosofian maisteri (3 v + 2 v) | Helsingin yliopisto;vieraat kielet ja kielitieteet
1.2.246.562.20.00000000000000056383;Italia, kielten kandiohjelma, humanististen tieteiden kandidaatti ja filosofian maisteri (3 v + 2 v);Helsingin yliopisto;Humanistinen tiedekunta;I;Italia, kielten kandiohjelma, humanististen tieteiden kandidaatti ja filosofian maisteri (3 v + 2 v) | Helsingin yliopisto;Italia, kielten kandiohjelma, humanististen tieteiden kandidaatti ja filosofian maisteri (3 v + 2 v) | Helsingin yliopisto;100.0;Italia, kielten kandiohjelma, humanististen tieteiden kandidaatti ja filosofian maisteri (3 v + 2 v) | Helsingin yliopisto;vieraat kielet ja kielitieteet
1.2.246.562.20.00000000000000056384;Maailman kielet ja kielitieteet, kielten kandiohjelma, humanististen tieteiden kandidaatti ja filosofian maisteri (3 v + 2 v);Helsingin yliopisto;Humanistinen tiedekunta;I;Maailman kielet ja kielitieteet, kielten kandiohjelma, humanististen tieteiden kandidaatti ja filosofian maisteri (3 v + 2 v) | Helsingin yliopisto;Maailman kielet ja kielitieteet, kielten kandiohjelma, humanististen tieteiden kandidaatti ja filosofian maisteri (3 v + 2 v) | Helsingin yliopisto;100.0;Maailman kielet ja kielitieteet, kielten kandiohjelma, humanististen tieteiden kandidaatti ja filosofian maisteri (3 v + 2 v) | Helsingin yliopisto;vieraat kielet ja kielitieteet
1.2.246.562.20.00000000000000056390;Nordiska språk (svenska som modersmål) och nordisk litteratur, kandidatprogrammet i finskugriska och nordiska språk och litteraturer, kandidat i humanistiska vetenskaper och filosofie magister (3 år + 2 år);Helsingin yliopisto;Humanistinen tiedekunta;I;Nordiska språk (svenska som modersmål) och nordisk litteratur, kandidatprogrammet i finskugriska och nordiska språk och litteraturer, kandidat i humanistiska vetenskaper och filosofie magister (3 år + 2 år) | Helsingin yliopisto;Nordiska språk (svenska som modersmål) och nordisk litteratur, kandidatprogrammet i finskugriska och nordiska språk och litteraturer, kandidat i humanistiska vetenskaper och filosofie magister (3 år + 2 år) | Helsingin yliopisto;100.0;Nordiska språk (svenska som modersmål) och nordisk litteratur, kandidatprogrammet i finskugriska och nordiska språk och litteraturer, kandidat i humanistiska vetenskaper och filosofie magister (3 år + 2 år) | Helsingin yliopisto;kotimaiset kielet
1.2.246.562.20.00000000000000056389;Pohjoismaiset kielet (ruotsi toisena kotimaisena kielenä), kotimaisten kielten ja kirjallisuuksien kandiohjelma, humanististen tieteiden kandidaatti ja filosofian maisteri (3 v + 2 v);Helsingin yliopisto;Humanistinen tiedekunta;I;Pohjoismaiset kielet (ruotsi toisena kotimaisena kielenä), kotimaisten kielten ja kirjallisuuksien kandiohjelma, humanististen tieteiden kandidaatti ja filosofian maisteri (3 v + 2 v) | Helsingin yliopisto;Pohjoismaiset kielet (ruotsi toisena kotimaisena kielenä), kotimaisten kielten ja kirjallisuuksien kandiohjelma, humanististen tieteiden kandidaatti ja filosofian maisteri (3 v + 2 v) | Helsingin yliopisto;100.0;Pohjoismaiset kielet (ruotsi toisena kotimaisena kielenä), kotimaisten kielten ja kirjallisuuksien kandiohjelma, humanististen tieteiden kandidaatti ja filosofian maisteri (3 v + 2 v) | Helsingin yliopisto;kotimaiset kielet
1.2.246.562.20.00000000000000056385;Ranska, kielten kandiohjelma, humanististen tieteiden kandidaatti ja filosofian maisteri (3 v + 2 v);Helsingin yliopisto;Humanistinen tiedekunta;I;Ranska, kielten kandiohjelma, humanististen tieteiden kandidaatti ja filosofian maisteri (3 v + 2 v) | Helsingin yliopisto;Ranska, kielten kandiohjelma, humanististen tieteiden kandidaatti ja filosofian maisteri (3 v + 2 v) | Helsingin yliopisto;100.0;Ranska, kielten kandiohjelma, humanististen tieteiden kandidaatti ja filosofian maisteri (3 v + 2 v) | Helsingin yliopisto;vieraat kielet ja kielitieteet
1.2.246.562.20.00000000000000056386;Saksa, kielten kandiohjelma, humanististen tieteiden kandidaatti ja filosofian maisteri (3 v + 2 v);Helsingin yliopisto;Humanistinen tiedekunta;I;Saksa, kielten kandiohjelma, humanististen tieteiden kandidaatti ja filosofian maisteri (3 v + 2 v) | Helsingin yliopisto;Ranska, kielten kandiohjelma, humanististen tieteiden kandidaatti ja filosofian maisteri (3 v + 2 v) | Helsingin yliopisto;97.94238683127571;Ranska, kielten kandiohjelma, humanististen tieteiden kandidaatti ja filosofian maisteri (3 v + 2 v) | Helsingin yliopisto;vieraat kielet ja kielitieteet
1.2.246.562.20.00000000000000056392;Suomen kieli ja kulttuuri (hakijan ensikieli muu kuin suomi), kotimaisten kielten ja kirjallisuuksien kandiohjelma, humanististen tieteiden kandidaatti ja filosofian maisteri (3 v + 2 v);Helsingin yliopisto;Humanistinen tiedekunta;I;Suomen kieli ja kulttuuri (hakijan ensikieli muu kuin suomi), kotimaisten kielten ja kirjallisuuksien kandiohjelma, humanististen tieteiden kandidaatti ja filosofian maisteri (3 v + 2 v) | Helsingin yliopisto;Suomen kieli ja kulttuuri (hakijan ensikieli muu kuin suomi), kotimaisten kielten ja kirjallisuuksien kandiohjelma, humanististen tieteiden kandidaatti ja filosofian maisteri (3 v + 2 v) | Helsingin yliopisto;100.0;Suomen kieli ja kulttuuri (hakijan ensikieli muu kuin suomi), kotimaisten kielten ja kirjallisuuksien kandiohjelma, humanististen tieteiden kandidaatti ja filosofian maisteri (3 v + 2 v) | Helsingin yliopisto;kotimaiset kielet
1.2.246.562.20.00000000000000056391;Suomen kieli ja suomalais-ugrilaiset kielet ja kulttuurit sekä kotimainen kirjallisuus, kotimaisten kielten ja kirjallisuuksien kandiohjelma, humanististen tieteiden kandidaatti ja filosofian maisteri (3 v + 2 v);Helsingin yliopisto;Humanistinen tiedekunta;I;Suomen kieli ja suomalais-ugrilaiset kielet ja kulttuurit sekä kotimainen kirjallisuus, kotimaisten kielten ja kirjallisuuksien kandiohjelma, humanististen tieteiden kandidaatti ja filosofian maisteri (3 v + 2 v) | Helsingin yliopisto;Suomen kieli ja suomalais-ugrilaiset kielet ja kulttuurit sekä kotimainen kirjallisuus, kotimaisten kielten ja kirjallisuuksien kandiohjelma, humanististen tieteiden kandidaatti ja filosofian maisteri (3 v + 2 v) | Helsingin yliopisto;100.0;Suomen kieli ja suomalais-ugrilaiset kielet ja kulttuurit sekä kotimainen kirjallisuus, kotimaisten kielten ja kirjallisuuksien kandiohjelma, humanististen tieteiden kandidaatti ja filosofian maisteri (3 v + 2 v) | Helsingin yliopisto;kotimaiset kielet
1.2.246.562.20.00000000000000056387;Venäjä vieraana kielenä, kielten kandiohjelma, humanististen tieteiden kandidaatti ja filosofian maisteri (3 v + 2 v);Helsingin yliopisto;Humanistinen tiedekunta;I;Venäjä vieraana kielenä, kielten kandiohjelma, humanististen tieteiden kandidaatti ja filosofian maisteri (3 v + 2 v) | Helsingin yliopisto;Venäjä vieraana kielenä, kielten kandiohjelma, humanististen tieteiden kandidaatti ja filosofian maisteri (3 v + 2 v) | Helsingin yliopisto;100.0;Venäjä vieraana kielenä, kielten kandiohjelma, humanististen tieteiden kandidaatti ja filosofian maisteri (3 v + 2 v) | Helsingin yliopisto;vieraat kielet ja kielitieteet
1.2.246.562.20.00000000000000056388;Venäjä äidinkielenä, kielten kandiohjelma, humanististen tieteiden kandidaatti ja filosofian maisteri (3 v + 2 v);Helsingin yliopisto;Humanistinen tiedekunta;I;Venäjä äidinkielenä, kielten kandiohjelma, humanististen tieteiden kandidaatti ja filosofian maisteri (3 v + 2 v) | Helsingin yliopisto;Venäjä äidinkielenä, kielten kandiohjelma, humanististen tieteiden kandidaatti ja filosofian maisteri (3 v + 2 v) | Helsingin yliopisto;100.0;Venäjä äidinkielenä, kielten kandiohjelma, humanististen tieteiden kandidaatti ja filosofian maisteri (3 v + 2 v) | Helsingin yliopisto;vieraat kielet ja kielitieteet
1.2.246.562.20.00000000000000062141;Englannin kieli, kulttuuri ja kääntäminen, Joensuu, humanististen tieteiden kandidaatti ja filosofian maisteri (3 v + 2 v);Itä-Suomen yliopisto;Filosofinen tiedekunta;I;Englannin kieli, kulttuuri ja kääntäminen, Joensuu, humanististen tieteiden kandidaatti ja filosofian maisteri (3 v + 2 v) | Itä-Suomen yliopisto;Englannin kieli, kulttuuri ja kääntäminen, Joensuu, humanististen tieteiden kandidaatti ja filosofian maisteri (3 v + 2 v) | Itä-Suomen yliopisto;100.0;Englannin kieli, kulttuuri ja kääntäminen, Joensuu, humanististen tieteiden kandidaatti ja filosofian maisteri (3 v + 2 v) | Itä-Suomen yliopisto;vieraat kielet ja kielitieteet
1.2.246.562.20.00000000000000062229;Ruotsin kieli, Joensuu, humanististen tieteiden kandidaatti ja filosofian maisteri (3 v + 2 v);Itä-Suomen yliopisto;Filosofinen tiedekunta;I;Ruotsin kieli, Joensuu, humanististen tieteiden kandidaatti ja filosofian maisteri (3 v + 2 v) | Itä-Suomen yliopisto;Ruotsin kieli, Joensuu, humanististen tieteiden kandidaatti ja filosofian maisteri (3 v + 2 v) | Itä-Suomen yliopisto;100.0;Ruotsin kieli, Joensuu, humanististen tieteiden kandidaatti ja filosofian maisteri (3 v + 2 v) | Itä-Suomen yliopisto;kotimaiset kielet
1.2.246.562.20.00000000000000062249;Suomen kieli ja kirjallisuus, Joensuu, humanististen tieteiden kandidaatti ja filosofian maisteri (3 v + 2 v);Itä-Suomen yliopisto;Filosofinen tiedekunta;I;Suomen kieli ja kirjallisuus, Joensuu, humanististen tieteiden kandidaatti ja filosofian maisteri (3 v + 2 v) | Itä-Suomen yliopisto;Suomen kieli ja kirjallisuus, Joensuu, humanististen tieteiden kandidaatti ja filosofian maisteri (3 v + 2 v) | Itä-Suomen yliopisto;100.0;Suomen kieli ja kirjallisuus, Joensuu, humanististen tieteiden kandidaatti ja filosofian maisteri (3 v + 2 v) | Itä-Suomen yliopisto;kotimaiset kielet
1.2.246.562.20.00000000000000062262;Venäjän kieli, Joensuu, humanististen tieteiden kandidaatti ja filosofian maisteri (3 v + 2 v);Itä-Suomen yliopisto;Filosofinen tiedekunta;I;Venäjän kieli, Joensuu, humanististen tieteiden kandidaatti ja filosofian maisteri (3 v + 2 v) | Itä-Suomen yliopisto;Venäjän kieli, Joensuu, humanististen tieteiden kandidaatti ja filosofian maisteri (3 v + 2 v) | Itä-Suomen yliopisto;100.0;Venäjän kieli, Joensuu, humanististen tieteiden kandidaatti ja filosofian maisteri (3 v + 2 v) | Itä-Suomen yliopisto;vieraat kielet ja kielitieteet
1.2.246.562.20.00000000000000064021;Kieliasiantuntijan kandidaatti- ja maisteriohjelma, humanististen tieteiden kandidaatti ja filosofian maisteri (3 v + 2 v);Jyväskylän yliopisto;Humanistis-yhteiskuntatieteellinen tiedekunta;I;Kieliasiantuntijan kandidaatti- ja maisteriohjelma, humanististen tieteiden kandidaatti ja filosofian maisteri (3 v + 2 v) | Jyväskylän yliopisto;Kieliasiantuntijan kandidaatti- ja maisteriohjelma, humanististen tieteiden kandidaatti ja filosofian maisteri (3 v + 2 v) | Jyväskylän yliopisto;100.0;Kieliasiantuntijan kandidaatti- ja maisteriohjelma, humanististen tieteiden kandidaatti ja filosofian maisteri (3 v + 2 v) | Jyväskylän yliopisto;vieraat kielet ja kielitieteet
1.2.246.562.20.00000000000000064083;Kielitietoisuutta ja monikielisyyttä tukevan opettajankoulutuksen kandidaatti- ja maisteriohjelma, humanististen tieteiden kandidaatti ja filosofian maisteri (3 v + 2 v);Jyväskylän yliopisto;Humanistis-yhteiskuntatieteellinen tiedekunta;I;Kielitietoisuutta ja monikielisyyttä tukevan opettajankoulutuksen kandidaatti- ja maisteriohjelma, humanististen tieteiden kandidaatti ja filosofian maisteri (3 v + 2 v) | Jyväskylän yliopisto;Historian kandidaatti- ja maisteriohjelma, humanististen tieteiden kandidaatti ja filosofian maisteri (3 v + 2 v) | Jyväskylän yliopisto;91.2890625;Historian kandidaatti- ja maisteriohjelma, humanististen tieteiden kandidaatti ja filosofian maisteri (3 v + 2 v) | Jyväskylän yliopisto;vieraat kielet ja kielitieteet
1.2.246.562.20.00000000000000064024;Kielten aineenopettajan kandidaatti- ja maisteriohjelma, humanististen tieteiden kandidaatti ja filosofian maisteri (3 v + 2 v);Jyväskylän yliopisto;Humanistis-yhteiskuntatieteellinen tiedekunta;I;Kielten aineenopettajan kandidaatti- ja maisteriohjelma, humanististen tieteiden kandidaatti ja filosofian maisteri (3 v + 2 v) | Jyväskylän yliopisto;Kielten aineenopettajan kandidaatti- ja maisteriohjelma, humanististen tieteiden kandidaatti ja filosofian maisteri (3 v + 2 v) | Jyväskylän yliopisto;100.0;Kielten aineenopettajan kandidaatti- ja maisteriohjelma, humanististen tieteiden kandidaatti ja filosofian maisteri (3 v + 2 v) | Jyväskylän yliopisto;vieraat kielet ja kielitieteet
1.2.246.562.20.00000000000000064025;Kirjallisuuden kandidaatti- ja maisteriohjelma, humanististen tieteiden kandidaatti ja filosofian maisteri (3 v + 2 v);Jyväskylän yliopisto;Humanistis-yhteiskuntatieteellinen tiedekunta;I;Kirjallisuuden kandidaatti- ja maisteriohjelma, humanististen tieteiden kandidaatti ja filosofian maisteri (3 v + 2 v) | Jyväskylän yliopisto;Kirjallisuuden kandidaatti- ja maisteriohjelma, humanististen tieteiden kandidaatti ja filosofian maisteri (3 v + 2 v) | Jyväskylän yliopisto;100.0;Kirjallisuuden kandidaatti- ja maisteriohjelma, humanististen tieteiden kandidaatti ja filosofian maisteri (3 v + 2 v) | Jyväskylän yliopisto;kirjallisuus
1.2.246.562.20.00000000000000064071;Suomen kielen ja kirjallisuuden aineenopettajan kandidaatti- ja maisteriohjelma, humanististen tieteiden kandidaatti ja filosofian maisteri (3 v + 2 v);Jyväskylän yliopisto;Humanistis-yhteiskuntatieteellinen tiedekunta;I;Suomen kielen ja kirjallisuuden aineenopettajan kandidaatti- ja maisteriohjelma, humanististen tieteiden kandidaatti ja filosofian maisteri (3 v + 2 v) | Jyväskylän yliopisto;Suomen kielen ja kirjallisuuden aineenopettajan kandidaatti- ja maisteriohjelma, humanististen tieteiden kandidaatti ja filosofian maisteri (3 v + 2 v) | Jyväskylän yliopisto;100.0;Suomen kielen ja kirjallisuuden aineenopettajan kandidaatti- ja maisteriohjelma, humanististen tieteiden kandidaatti ja filosofian maisteri (3 v + 2 v) | Jyväskylän yliopisto;kotimaiset kielet
1.2.246.562.20.00000000000000055866;Englannin kieli, Kielten ja kirjallisuuden tutkinto-ohjelma, humanististen tieteiden kandidaatti ja filosofian maisteri (3 v + 2 v);Oulun yliopisto;Humanistinen tiedekunta;I;Englannin kieli, Kielten ja kirjallisuuden tutkinto-ohjelma, humanististen tieteiden kandidaatti ja filosofian maisteri (3 v + 2 v) | Oulun yliopisto;Englannin kieli, Kielten ja kirjallisuuden tutkinto-ohjelma, humanististen tieteiden kandidaatti ja filosofian maisteri (3 v + 2 v) | Oulun yliopisto;100.0;Englannin kieli, Kielten ja kirjallisuuden tutkinto-ohjelma, humanististen tieteiden kandidaatti ja filosofian maisteri (3 v + 2 v) | Oulun yliopisto;vieraat kielet ja kielitieteet
1.2.246.562.20.00000000000000063847;Inarinsaame, Kielten ja kirjallisuuden tutkinto-ohjelma, humanististen tieteiden kandidaatti ja filosofian maisteri (3 v + 2 v) ;Oulun yliopisto;Humanistinen tiedekunta;I;Inarinsaame, Kielten ja kirjallisuuden tutkinto-ohjelma, humanististen tieteiden kandidaatti ja filosofian maisteri (3 v + 2 v)  | Oulun yliopisto;Inarinsaame, Kielten ja kirjallisuuden tutkinto-ohjelma, humanististen tieteiden kandidaatti ja filosofian maisteri (3 v + 2 v)  | Oulun yliopisto;100.0;Inarinsaame, Kielten ja kirjallisuuden tutkinto-ohjelma, humanististen tieteiden kandidaatti ja filosofian maisteri (3 v + 2 v)  | Oulun yliopisto;kotimaiset kielet
1.2.246.562.20.00000000000000063848;Koltansaame, Kielten ja kirjallisuuden tutkinto-ohjelma, humanististen tieteiden kandidaatti ja filosofian maisteri (3 v + 2 v) ;Oulun yliopisto;Humanistinen tiedekunta;I;Koltansaame, Kielten ja kirjallisuuden tutkinto-ohjelma, humanististen tieteiden kandidaatti ja filosofian maisteri (3 v + 2 v)  | Oulun yliopisto;Koltansaame, Kielten ja kirjallisuuden tutkinto-ohjelma, humanististen tieteiden kandidaatti ja filosofian maisteri (3 v + 2 v) | Oulun yliopisto;99.65635738831615;Koltansaame, Kielten ja kirjallisuuden tutkinto-ohjelma, humanististen tieteiden kandidaatti ja filosofian maisteri (3 v + 2 v) | Oulun yliopisto;kotimaiset kielet
1.2.246.562.20.00000000000000063849;Pohjoissaame, Kielten ja kirjallisuuden tutkinto-ohjelma, humanististen tieteiden kandidaatti ja filosofian maisteri (3 v + 2 v) ;Oulun yliopisto;Humanistinen tiedekunta;I;Pohjoissaame, Kielten ja kirjallisuuden tutkinto-ohjelma, humanististen tieteiden kandidaatti ja filosofian maisteri (3 v + 2 v)  | Oulun yliopisto;Pohjoissaame, Kielten ja kirjallisuuden tutkinto-ohjelma, humanististen tieteiden kandidaatti ja filosofian maisteri (3 v + 2 v)  | Oulun yliopisto;100.0;Pohjoissaame, Kielten ja kirjallisuuden tutkinto-ohjelma, humanististen tieteiden kandidaatti ja filosofian maisteri (3 v + 2 v)  | Oulun yliopisto;kotimaiset kielet
1.2.246.562.20.00000000000000055867;Ruotsin kieli, Kielten ja kirjallisuuden tutkinto-ohjelma, humanististen tieteiden kandidaatti ja filosofian maisteri (3 v + 2 v);Oulun yliopisto;Humanistinen tiedekunta;I;Ruotsin kieli, Kielten ja kirjallisuuden tutkinto-ohjelma, humanististen tieteiden kandidaatti ja filosofian maisteri (3 v + 2 v) | Oulun yliopisto;Ruotsin kieli, Kielten ja kirjallisuuden tutkinto-ohjelma, humanististen tieteiden kandidaatti ja filosofian maisteri (3 v + 2 v) | Oulun yliopisto;100.0;Ruotsin kieli, Kielten ja kirjallisuuden tutkinto-ohjelma, humanististen tieteiden kandidaatti ja filosofian maisteri (3 v + 2 v) | Oulun yliopisto;kotimaiset kielet
1.2.246.562.20.00000000000000055871;Saksan kieli ja kulttuuri, Kielten ja kirjallisuuden tutkinto-ohjelma, humanististen tieteiden kandidaatti ja filosofian maisteri (3 v + 2 v);Oulun yliopisto;Humanistinen tiedekunta;I;Saksan kieli ja kulttuuri, Kielten ja kirjallisuuden tutkinto-ohjelma, humanististen tieteiden kandidaatti ja filosofian maisteri (3 v + 2 v) | Oulun yliopisto;Saksan kieli ja kulttuuri, Kielten ja kirjallisuuden tutkinto-ohjelma, humanististen tieteiden kandidaatti ja filosofian maisteri (3 v + 2 v) | Oulun yliopisto;100.0;Saksan kieli ja kulttuuri, Kielten ja kirjallisuuden tutkinto-ohjelma, humanististen tieteiden kandidaatti ja filosofian maisteri (3 v + 2 v) | Oulun yliopisto;vieraat kielet ja kielitieteet
1.2.246.562.20.00000000000000055872;Suomen kieli ja kirjallisuudentutkimus, Kielten ja kirjallisuuden tutkinto-ohjelma, humanististen tieteiden kandidaatti ja filosofian maisteri (3 v + 2 v);Oulun yliopisto;Humanistinen tiedekunta;I;Suomen kieli ja kirjallisuudentutkimus, Kielten ja kirjallisuuden tutkinto-ohjelma, humanististen tieteiden kandidaatti ja filosofian maisteri (3 v + 2 v) | Oulun yliopisto;Suomen kieli ja kirjallisuudentutkimus, Kielten ja kirjallisuuden tutkinto-ohjelma, humanististen tieteiden kandidaatti ja filosofian maisteri (3 v + 2 v) | Oulun yliopisto;100.0;Suomen kieli ja kirjallisuudentutkimus, Kielten ja kirjallisuuden tutkinto-ohjelma, humanististen tieteiden kandidaatti ja filosofian maisteri (3 v + 2 v) | Oulun yliopisto;kotimaiset kielet
1.2.246.562.20.00000000000000062859;Englanti, Kielten koulutus, Humanististen tieteiden kandidaatti ja filosofian maisteri (3 v + 2 v);Tampereen yliopisto;Informaatioteknologian ja viestinnän tiedekunta;I;Englanti, Kielten koulutus, Humanististen tieteiden kandidaatti ja filosofian maisteri (3 v + 2 v) | Tampereen yliopisto;Englanti, Kielten koulutus, Humanististen tieteiden kandidaatti ja filosofian maisteri (3 v + 2 v) | Tampereen yliopisto;100.0;Englanti, Kielten koulutus, Humanististen tieteiden kandidaatti ja filosofian maisteri (3 v + 2 v) | Tampereen yliopisto;vieraat kielet ja kielitieteet
1.2.246.562.20.00000000000000063277;Pohjoismaiset kielet, Kielten koulutus, Humanististen tieteiden kandidaatti ja filosofian maisteri (3 v + 2 v);Tampereen yliopisto;Informaatioteknologian ja viestinnän tiedekunta;I;Pohjoismaiset kielet, Kielten koulutus, Humanististen tieteiden kandidaatti ja filosofian maisteri (3 v + 2 v) | Tampereen yliopisto;Pohjoismaiset kielet, Kielten koulutus, Humanististen tieteiden kandidaatti ja filosofian maisteri (3 v + 2 v) | Tampereen yliopisto;100.0;Pohjoismaiset kielet, Kielten koulutus, Humanististen tieteiden kandidaatti ja filosofian maisteri (3 v + 2 v) | Tampereen yliopisto;kotimaiset kielet
1.2.246.562.20.00000000000000063278;Saksa, Kielten koulutus, Humanististen tieteiden kandidaatti ja filosofian maisteri (3 v + 2 v);Tampereen yliopisto;Informaatioteknologian ja viestinnän tiedekunta;I;Saksa, Kielten koulutus, Humanististen tieteiden kandidaatti ja filosofian maisteri (3 v + 2 v) | Tampereen yliopisto;Saksa, Kielten koulutus, Humanististen tieteiden kandidaatti ja filosofian maisteri (3 v + 2 v) | Tampereen yliopisto;100.0;Saksa, Kielten koulutus, Humanististen tieteiden kandidaatti ja filosofian maisteri (3 v + 2 v) | Tampereen yliopisto;vieraat kielet ja kielitieteet
1.2.246.562.20.00000000000000063279;Suomen kieli, Kielten koulutus, Humanististen tieteiden kandidaatti ja filosofian maisteri (3 v + 2 v);Tampereen yliopisto;Informaatioteknologian ja viestinnän tiedekunta;I;Suomen kieli, Kielten koulutus, Humanististen tieteiden kandidaatti ja filosofian maisteri (3 v + 2 v) | Tampereen yliopisto;Suomen kieli, Kielten koulutus, Humanististen tieteiden kandidaatti ja filosofian maisteri (3 v + 2 v) | Tampereen yliopisto;100.0;Suomen kieli, Kielten koulutus, Humanististen tieteiden kandidaatti ja filosofian maisteri (3 v + 2 v) | Tampereen yliopisto;kotimaiset kielet
1.2.246.562.20.00000000000000063281;Venäjä, Kielten koulutus, Humanististen tieteiden kandidaatti ja filosofian maisteri (3 v + 2 v);Tampereen yliopisto;Informaatioteknologian ja viestinnän tiedekunta;I;Venäjä, Kielten koulutus, Humanististen tieteiden kandidaatti ja filosofian maisteri (3 v + 2 v) | Tampereen yliopisto;Venäjä, Kielten koulutus, Humanististen tieteiden kandidaatti ja filosofian maisteri (3 v + 2 v) | Tampereen yliopisto;100.0;Venäjä, Kielten koulutus, Humanististen tieteiden kandidaatti ja filosofian maisteri (3 v + 2 v) | Tampereen yliopisto;vieraat kielet ja kielitieteet
1.2.246.562.20.00000000000000063286;Kirjallisuustieteen koulutus, Humanististen tieteiden kandidaatti ja filosofian maisteri (3 v + 2 v);Tampereen yliopisto;Yhteiskuntatieteiden tiedekunta;I;Kirjallisuustieteen koulutus, Humanististen tieteiden kandidaatti ja filosofian maisteri (3 v + 2 v) | Tampereen yliopisto;Kirjallisuustieteen koulutus, Humanististen tieteiden kandidaatti ja filosofian maisteri (3 v + 2 v) | Tampereen yliopisto;100.0;Kirjallisuustieteen koulutus, Humanististen tieteiden kandidaatti ja filosofian maisteri (3 v + 2 v) | Tampereen yliopisto;kirjallisuus
1.2.246.562.20.00000000000000055812;Englannin kieli, kielten tutkinto-ohjelma, humanististen tieteiden kandidaatti ja filosofian maisteri (3 v + 2 v);Turun yliopisto;Humanistinen tiedekunta;I;Englannin kieli, kielten tutkinto-ohjelma, humanististen tieteiden kandidaatti ja filosofian maisteri (3 v + 2 v) | Turun yliopisto;Englannin kieli, kielten tutkinto-ohjelma, humanististen tieteiden kandidaatti ja filosofian maisteri (3 v + 2 v) | Turun yliopisto;100.0;Englannin kieli, kielten tutkinto-ohjelma, humanististen tieteiden kandidaatti ja filosofian maisteri (3 v + 2 v) | Turun yliopisto;vieraat kielet ja kielitieteet
1.2.246.562.20.00000000000000055813;Espanja, kielten tutkinto-ohjelma, humanististen tieteiden kandidaatti ja filosofian maisteri (3 v + 2 v);Turun yliopisto;Humanistinen tiedekunta;I;Espanja, kielten tutkinto-ohjelma, humanististen tieteiden kandidaatti ja filosofian maisteri (3 v + 2 v) | Turun yliopisto;Espanja, kielten tutkinto-ohjelma, humanististen tieteiden kandidaatti ja filosofian maisteri (3 v + 2 v) | Turun yliopisto;100.0;Espanja, kielten tutkinto-ohjelma, humanististen tieteiden kandidaatti ja filosofian maisteri (3 v + 2 v) | Turun yliopisto;vieraat kielet ja kielitieteet
1.2.246.562.20.00000000000000055814;Italia, kielten tutkinto-ohjelma, humanististen tieteiden kandidaatti ja filosofian maisteri (3 v + 2 v);Turun yliopisto;Humanistinen tiedekunta;I;Italia, kielten tutkinto-ohjelma, humanististen tieteiden kandidaatti ja filosofian maisteri (3 v + 2 v) | Turun yliopisto;Italia, kielten tutkinto-ohjelma, humanististen tieteiden kandidaatti ja filosofian maisteri (3 v + 2 v) | Turun yliopisto;100.0;Italia, kielten tutkinto-ohjelma, humanististen tieteiden kandidaatti ja filosofian maisteri (3 v + 2 v) | Turun yliopisto;vieraat kielet ja kielitieteet
1.2.246.562.20.00000000000000055815;Kiinan kieli, kielten tutkinto-ohjelma, humanististen tieteiden kandidaatti ja filosofian maisteri (3 v + 2 v);Turun yliopisto;Humanistinen tiedekunta;I;Kiinan kieli, kielten tutkinto-ohjelma, humanististen tieteiden kandidaatti ja filosofian maisteri (3 v + 2 v) | Turun yliopisto;Kiinan kieli, kielten tutkinto-ohjelma, humanististen tieteiden kandidaatti ja filosofian maisteri (3 v + 2 v) | Turun yliopisto;100.0;Kiinan kieli, kielten tutkinto-ohjelma, humanististen tieteiden kandidaatti ja filosofian maisteri (3 v + 2 v) | Turun yliopisto;vieraat kielet ja kielitieteet
1.2.246.562.20.00000000000000055821;Kirjallisuustieteiden tutkinto-ohjelma, humanististen tieteiden kandidaatti ja filosofian maisteri (3 v + 2 v);Turun yliopisto;Humanistinen tiedekunta;I;Kirjallisuustieteiden tutkinto-ohjelma, humanististen tieteiden kandidaatti ja filosofian maisteri (3 v + 2 v) | Turun yliopisto;Kirjallisuustieteiden tutkinto-ohjelma, humanististen tieteiden kandidaatti ja filosofian maisteri (3 v + 2 v) | Turun yliopisto;100.0;Kirjallisuustieteiden tutkinto-ohjelma, humanististen tieteiden kandidaatti ja filosofian maisteri (3 v + 2 v) | Turun yliopisto;kirjallisuus
1.2.246.562.20.00000000000000055817;Pohjoismaiset kielet, kielten tutkinto-ohjelma, humanististen tieteiden kandidaatti ja filosofian maisteri (3 v + 2 v);Turun yliopisto;Humanistinen tiedekunta;I;Pohjoismaiset kielet, kielten tutkinto-ohjelma, humanististen tieteiden kandidaatti ja filosofian maisteri (3 v + 2 v) | Turun yliopisto;Pohjoismaiset kielet, kielten tutkinto-ohjelma, humanististen tieteiden kandidaatti ja filosofian maisteri (3 v + 2 v) | Turun yliopisto;100.0;Pohjoismaiset kielet, kielten tutkinto-ohjelma, humanististen tieteiden kandidaatti ja filosofian maisteri (3 v + 2 v) | Turun yliopisto;kotimaiset kielet
1.2.246.562.20.00000000000000055818;Ranska, kielten tutkinto-ohjelma, humanististen tieteiden kandidaatti ja filosofian maisteri (3 v + 2 v);Turun yliopisto;Humanistinen tiedekunta;I;Ranska, kielten tutkinto-ohjelma, humanististen tieteiden kandidaatti ja filosofian maisteri (3 v + 2 v) | Turun yliopisto;Ranska, kielten tutkinto-ohjelma, humanististen tieteiden kandidaatti ja filosofian maisteri (3 v + 2 v) | Turun yliopisto;100.0;Ranska, kielten tutkinto-ohjelma, humanististen tieteiden kandidaatti ja filosofian maisteri (3 v + 2 v) | Turun yliopisto;vieraat kielet ja kielitieteet
1.2.246.562.20.00000000000000055819;Saksan kieli, kielten tutkinto-ohjelma, humanististen tieteiden kandidaatti ja filosofian maisteri (3 v + 2 v);Turun yliopisto;Humanistinen tiedekunta;I;Saksan kieli, kielten tutkinto-ohjelma, humanististen tieteiden kandidaatti ja filosofian maisteri (3 v + 2 v) | Turun yliopisto;Saksan kieli, kielten tutkinto-ohjelma, humanististen tieteiden kandidaatti ja filosofian maisteri (3 v + 2 v) | Turun yliopisto;100.0;Saksan kieli, kielten tutkinto-ohjelma, humanististen tieteiden kandidaatti ja filosofian maisteri (3 v + 2 v) | Turun yliopisto;vieraat kielet ja kielitieteet
1.2.246.562.20.00000000000000055820;Suomen kieli ja suomalais-ugrilainen kielentutkimus, kielten tutkinto-ohjelma, humanististen tieteiden kandidaatti ja filosofian maisteri (3 v + 2 v);Turun yliopisto;Humanistinen tiedekunta;I;Suomen kieli ja suomalais-ugrilainen kielentutkimus, kielten tutkinto-ohjelma, humanististen tieteiden kandidaatti ja filosofian maisteri (3 v + 2 v) | Turun yliopisto;Suomen kieli ja suomalais-ugrilainen kielentutkimus, kielten tutkinto-ohjelma, humanististen tieteiden kandidaatti ja filosofian maisteri (3 v + 2 v) | Turun yliopisto;100.0;Suomen kieli ja suomalais-ugrilainen kielentutkimus, kielten tutkinto-ohjelma, humanististen tieteiden kandidaatti ja filosofian maisteri (3 v + 2 v) | Turun yliopisto;kotimaiset kielet
1.2.246.562.20.00000000000000056134;Engelska språket och litteraturen, utbildningsprogrammet i språk, kandidat i humanistiska vetenskaper och filosofie magister (3+2 år);Åbo Akademi;Fakulteten för humaniora;I;Engelska språket och litteraturen, utbildningsprogrammet i språk, kandidat i humanistiska vetenskaper och filosofie magister (3+2 år) | Åbo Akademi;Engelska språket och litteraturen, utbildningsprogrammet i språk, kandidat i humanistiska vetenskaper och filosofie magister (3+2 år) | Åbo Akademi;100.0;Engelska språket och litteraturen, utbildningsprogrammet i språk, kandidat i humanistiska vetenskaper och filosofie magister (3+2 år) | Åbo Akademi;vieraat kielet ja kielitieteet
1.2.246.562.20.00000000000000056135;Finska språket, utbildningsprogrammet i språk, kandidat i humanistiska vetenskaper och filosofie magister (3+2 år);Åbo Akademi;Fakulteten för humaniora;I;Finska språket, utbildningsprogrammet i språk, kandidat i humanistiska vetenskaper och filosofie magister (3+2 år) | Åbo Akademi;Finska språket, utbildningsprogrammet i språk, kandidat i humanistiska vetenskaper och filosofie magister (3+2 år) | Åbo Akademi;100.0;Finska språket, utbildningsprogrammet i språk, kandidat i humanistiska vetenskaper och filosofie magister (3+2 år) | Åbo Akademi;kotimaiset kielet
1.2.246.562.20.00000000000000056136;Franska språket och litteraturen, utbildningsprogrammet i språk, kandidat i humanistiska vetenskaper och filosofie magister (3+2 år);Åbo Akademi;Fakulteten för humaniora;I;Franska språket och litteraturen, utbildningsprogrammet i språk, kandidat i humanistiska vetenskaper och filosofie magister (3+2 år) | Åbo Akademi;Franska språket och litteraturen, utbildningsprogrammet i språk, kandidat i humanistiska vetenskaper och filosofie magister (3+2 år) | Åbo Akademi;100.0;Franska språket och litteraturen, utbildningsprogrammet i språk, kandidat i humanistiska vetenskaper och filosofie magister (3+2 år) | Åbo Akademi;vieraat kielet ja kielitieteet
1.2.246.562.20.00000000000000056140;Ryska språket och litteraturen, utbildningsprogrammet i språk, kandidat i humanistiska vetenskaper och filosofie magister (3+2 år);Åbo Akademi;Fakulteten för humaniora;I;Ryska språket och litteraturen, utbildningsprogrammet i språk, kandidat i humanistiska vetenskaper och filosofie magister (3+2 år) | Åbo Akademi;Ryska språket och litteraturen, utbildningsprogrammet i språk, kandidat i humanistiska vetenskaper och filosofie magister (3+2 år) | Åbo Akademi;100.0;Ryska språket och litteraturen, utbildningsprogrammet i språk, kandidat i humanistiska vetenskaper och filosofie magister (3+2 år) | Åbo Akademi;vieraat kielet ja kielitieteet
1.2.246.562.20.00000000000000056139;Svenska språket, utbildningsprogrammet i språk, kandidat i humanistiska vetenskaper och filosofie magister (3+2 år);Åbo Akademi;Fakulteten för humaniora;I;Svenska språket, utbildningsprogrammet i språk, kandidat i humanistiska vetenskaper och filosofie magister (3+2 år) | Åbo Akademi;Svenska språket, utbildningsprogrammet i språk, kandidat i humanistiska vetenskaper och filosofie magister (3+2 år) | Åbo Akademi;100.0;Svenska språket, utbildningsprogrammet i språk, kandidat i humanistiska vetenskaper och filosofie magister (3+2 år) | Åbo Akademi;kotimaiset kielet
1.2.246.562.20.00000000000000056141;Tyska språket och litteraturen, utbildningsprogrammet i språk, kandidat i humanistiska vetenskaper och filosofie magister (3+2 år);Åbo Akademi;Fakulteten för humaniora;I;Tyska språket och litteraturen, utbildningsprogrammet i språk, kandidat i humanistiska vetenskaper och filosofie magister (3+2 år) | Åbo Akademi;Tyska språket och litteraturen, utbildningsprogrammet i språk, kandidat i humanistiska vetenskaper och filosofie magister (3+2 år) | Åbo Akademi;100.0;Tyska språket och litteraturen, utbildningsprogrammet i språk, kandidat i humanistiska vetenskaper och filosofie magister (3+2 år) | Åbo Akademi;vieraat kielet ja kielitieteet
